Year,OutsetYear,OutsetMoon,OutsetDay,Moons,Days
1583,1583-03-21 07:52:47,1583-03-24 03:11:33,1583-03-24 05:30:26,13,384
1584,1584-03-20 13:41:23,1584-04-11 03:12:13,1584-04-11 06:07:41,12,355
1585,1585-03-20 19:39:07,1585-03-31 11:40:01,1585-04-01 05:19:47,12,354
1586,1586-03-21 01:24:06,1586-03-20 11:53:36,1586-03-21 05:34:01,13,383
1587,1587-03-21 07:17:07,1587-04-08 01:39:25,1587-04-08 06:12:01,12,354
1588,1588-03-20 13:12:46,1588-03-27 00:41:47,1588-03-27 05:25:44,13,384
1589,1589-03-20 18:51:21,1589-04-14 20:07:08,1589-04-15 06:03:38,12,355
1590,1590-03-21 00:45:39,1590-04-04 09:16:00,1590-04-05 06:15:18,12,354
1591,1591-03-21 06:38:33,1591-03-25 01:50:33,1591-03-25 05:29:16,13,384
1592,1592-03-20 12:19:56,1592-04-12 05:04:15,1592-04-12 06:06:40,12,355
1593,1593-03-20 18:11:24,1593-04-01 19:04:17,1593-04-02 05:18:39,12,354
1594,1594-03-20 23:56:44,1594-03-22 01:48:56,1594-03-22 05:32:49,13,384
1595,1595-03-21 05:48:21,1595-04-09 22:33:43,1595-04-10 06:09:48,12,354
1596,1596-03-20 11:45:38,1596-03-28 18:51:06,1596-03-29 05:23:19,13,384
1597,1597-03-20 17:22:44,1597-04-16 15:45:17,1597-04-17 06:01:36,12,354
1598,1598-03-20 23:12:11,1598-04-05 23:37:41,1598-04-06 06:14:12,12,355
1599,1599-03-21 05:04:08,1599-03-26 14:24:52,1599-03-27 05:26:49,13,384
1600,1600-03-20 10:44:02,1600-04-13 18:00:51,1600-04-14 06:04:33,12,355
1601,1601-03-20 16:35:50,1601-04-03 11:13:27,1601-04-04 06:16:19,12,354
1602,1602-03-20 22:22:04,1602-03-24 00:29:19,1602-03-24 05:30:21,13,384
1603,1603-03-21 04:10:10,1603-04-11 19:57:35,1603-04-12 06:07:37,12,354
1604,1604-03-20 10:04:41,1604-03-30 18:59:11,1604-03-31 05:20:56,13,384
1605,1605-03-20 15:43:29,1605-04-18 08:36:24,1605-04-19 05:59:37,12,354
1606,1606-03-20 21:37:06,1606-04-07 09:12:23,1606-04-08 06:11:56,12,354
1607,1607-03-21 03:38:38,1607-03-27 17:39:04,1607-03-28 05:25:39,13,384
1608,1608-03-20 09:26:01,1608-04-14 17:30:30,1608-04-15 06:03:34,12,355
1609,1609-03-20 15:21:15,1609-04-04 11:10:46,1609-04-05 06:15:13,12,354
1610,1610-03-20 21:09:57,1610-03-25 02:44:47,1610-03-25 05:29:11,13,384
1611,1611-03-21 02:58:00,1611-04-13 03:57:41,1611-04-13 06:06:35,12,355
1612,1612-03-20 08:51:08,1612-04-01 09:08:40,1612-04-02 05:18:34,12,354
1613,1613-03-20 14:29:42,1613-03-21 07:05:58,1613-03-22 05:32:44,13,383
1614,1614-03-20 20:16:11,1614-04-09 02:51:24,1614-04-09 06:10:52,12,355
1615,1615-03-21 02:08:36,1615-03-29 05:32:17,1615-03-30 05:23:14,13,384
1616,1616-03-20 07:47:04,1616-04-16 07:09:03,1616-04-17 06:01:32,12,354
1617,1617-03-20 13:33:57,1617-04-05 23:27:29,1617-04-06 06:14:07,12,355
1618,1618-03-20 19:24:05,1618-03-26 17:26:25,1618-03-27 05:26:44,13,384
1619,1619-03-21 01:14:57,1619-04-14 19:59:40,1619-04-15 06:04:29,12,355
1620,1620-03-20 07:11:09,1620-04-03 09:06:05,1620-04-04 06:16:14,12,354
1621,1621-03-20 12:54:21,1621-03-23 12:00:57,1621-03-24 05:30:16,13,383
1622,1622-03-20 18:42:14,1622-04-11 02:51:26,1622-04-11 06:08:40,12,354
1623,1623-03-21 00:38:41,1623-03-30 23:44:34,1623-03-31 05:22:05,13,384
1624,1624-03-20 06:23:52,1624-04-17 16:38:52,1624-04-18 06:00:34,12,354
1625,1625-03-20 12:13:35,1625-04-07 02:41:22,1625-04-07 06:13:02,12,355
1626,1626-03-20 18:07:11,1626-03-27 17:51:16,1626-03-28 05:25:34,13,384
1627,1627-03-20 23:55:27,1627-04-15 19:31:41,1627-04-16 06:03:29,12,355
1628,1628-03-20 05:47:28,1628-04-04 10:51:45,1628-04-05 06:15:08,12,354
1629,1629-03-20 11:30:49,1629-03-24 20:37:06,1629-03-25 05:29:05,13,384
1630,1630-03-20 17:19:48,1630-04-12 17:26:14,1630-04-13 06:06:31,12,354
1631,1631-03-20 23:18:45,1631-04-01 14:09:48,1631-04-02 06:19:43,12,354
1632,1632-03-20 05:04:50,1632-03-20 14:02:39,1632-03-21 05:33:56,13,384
1633,1633-03-20 10:50:30,1633-04-08 14:07:15,1633-04-09 06:10:47,12,354
1634,1634-03-20 16:39:41,1634-03-29 02:41:13,1634-03-29 05:24:24,13,385
1635,1635-03-20 22:24:59,1635-04-17 07:18:03,1635-04-18 06:01:28,12,354
1636,1636-03-20 04:13:02,1636-04-06 02:28:51,1636-04-06 06:14:02,12,355
1637,1637-03-20 09:55:18,1637-03-26 17:40:10,1637-03-27 05:26:39,13,384
1638,1638-03-20 15:40:09,1638-04-14 16:25:23,1638-04-15 06:04:24,12,354
1639,1639-03-20 21:33:01,1639-04-03 19:04:46,1639-04-04 05:17:22,12,354
1640,1640-03-20 03:17:04,1640-03-22 16:17:40,1640-03-23 05:31:28,13,384
1641,1641-03-20 09:04:20,1641-04-10 07:52:14,1641-04-11 06:08:35,12,354
1642,1642-03-20 15:00:45,1642-03-30 12:52:03,1642-03-31 05:22:00,13,384
1643,1643-03-20 20:57:47,1643-04-18 10:40:37,1643-04-19 06:00:30,12,354
1644,1644-03-20 02:52:08,1644-04-07 03:08:32,1644-04-07 06:12:57,12,355
1645,1645-03-20 08:40:51,1645-03-27 19:23:33,1645-03-28 05:25:29,13,384
1646,1646-03-20 14:29:24,1646-04-15 19:58:52,1646-04-16 06:03:25,12,354
1647,1647-03-20 20:22:53,1647-04-05 05:13:16,1647-04-05 06:16:15,12,354
1648,1648-03-20 02:10:01,1648-03-24 04:16:27,1648-03-24 05:30:17,13,384
1649,1649-03-20 07:54:01,1649-04-11 22:13:36,1649-04-12 06:07:33,12,354
1650,1650-03-20 13:43:38,1650-03-31 21:33:06,1650-04-01 05:20:52,12,355
1651,1651-03-20 19:31:34,1651-03-21 07:22:36,1651-03-22 05:33:51,13,384
1652,1652-03-20 01:14:35,1652-04-08 11:42:23,1652-04-09 06:10:43,12,355
1653,1653-03-20 06:58:29,1653-03-29 05:33:49,1653-03-30 05:23:04,13,384
1654,1654-03-20 12:47:13,1654-04-17 10:17:01,1654-04-18 06:01:23,12,354
1655,1655-03-20 18:40:48,1655-04-07 02:22:07,1655-04-07 06:13:58,12,355
1656,1656-03-20 00:30:44,1656-03-26 09:18:19,1656-03-27 05:26:34,13,383
1657,1657-03-20 06:14:34,1657-04-14 02:50:15,1657-04-14 06:05:25,12,354
1658,1658-03-20 12:05:38,1658-04-02 23:17:52,1658-04-03 06:18:30,12,354
1659,1659-03-20 17:58:24,1659-03-23 01:12:17,1659-03-23 05:32:40,13,384
1660,1660-03-19 23:46:03,1660-04-09 21:35:22,1660-04-10 06:09:39,12,355
1661,1661-03-20 05:34:05,1661-03-30 10:56:20,1661-03-31 05:21:55,13,384
1662,1662-03-20 11:24:52,1662-04-18 11:23:21,1662-04-19 06:00:26,12,354
1663,1663-03-20 17:15:49,1663-04-08 04:36:05,1663-04-08 06:12:52,12,355
1664,1664-03-19 23:05:00,1664-03-27 16:04:46,1664-03-28 05:25:24,13,384
1665,1665-03-20 04:51:53,1665-04-15 12:49:13,1665-04-16 06:03:21,12,354
1666,1666-03-20 10:46:00,1666-04-04 11:25:57,1666-04-05 05:16:10,12,354
1667,1667-03-20 16:43:53,1667-03-24 09:01:57,1667-03-25 05:30:12,13,383
1668,1668-03-19 22:30:49,1668-04-11 06:04:37,1668-04-11 06:08:36,12,355
1669,1669-03-20 04:14:49,1669-03-31 15:25:16,1669-04-01 05:20:47,12,355
1670,1670-03-20 10:02:44,1670-03-21 08:42:41,1670-03-22 05:33:46,13,384
1671,1671-03-20 15:48:48,1671-04-09 14:40:26,1671-04-10 06:10:38,12,355
1672,1672-03-19 21:34:42,1672-03-29 07:49:26,1672-03-30 05:22:59,13,384
1673,1673-03-20 03:18:41,1673-04-17 09:47:06,1673-04-18 06:01:19,12,354
1674,1674-03-20 09:04:17,1674-04-06 17:25:01,1674-04-07 06:13:53,12,354
1675,1675-03-20 14:57:19,1675-03-26 15:10:44,1675-03-27 05:27:45,13,384
1676,1676-03-19 20:40:46,1676-04-13 07:02:14,1676-04-14 06:05:21,12,354
1677,1677-03-20 02:26:59,1677-04-02 08:44:50,1677-04-03 05:18:25,12,354
1678,1678-03-20 08:24:52,1678-03-22 20:09:54,1678-03-23 05:32:35,13,384
1679,1679-03-20 14:18:19,1679-04-10 20:02:48,1679-04-11 06:09:34,12,355
1680,1680-03-19 20:11:28,1680-03-30 12:34:46,1680-03-31 05:21:50,12,354
1681,1681-03-20 02:00:57,1681-03-20 03:36:35,1681-03-20 05:36:09,13,384
1682,1682-03-20 07:49:19,1682-04-08 00:53:25,1682-04-08 06:12:48,12,354
1683,1683-03-20 13:46:45,1683-03-28 03:03:55,1683-03-28 05:26:35,13,384
1684,1684-03-19 19:32:26,1684-04-14 19:36:46,1684-04-15 06:04:21,12,354
1685,1685-03-20 01:15:30,1685-04-03 16:25:06,1685-04-04 06:17:18,12,354
1686,1686-03-20 07:08:15,1686-03-23 22:23:59,1686-03-24 05:31:24,13,384
1687,1687-03-20 12:51:43,1687-04-12 00:27:25,1687-04-12 06:08:32,12,355
1688,1688-03-19 18:37:16,1688-03-31 16:59:50,1688-04-01 05:20:42,12,355
1689,1689-03-20 00:24:51,1689-03-21 11:58:37,1689-03-22 05:33:41,13,384
1690,1690-03-20 06:13:11,1690-04-09 16:40:35,1690-04-10 06:10:33,12,354
1691,1691-03-20 12:11:11,1691-03-30 03:14:14,1691-03-30 05:24:09,13,384
1692,1692-03-19 17:57:13,1692-04-17 00:12:33,1692-04-17 06:02:18,12,354
1693,1693-03-19 23:37:30,1693-04-05 22:57:40,1693-04-06 06:14:59,12,354
1694,1694-03-20 05:31:23,1694-03-25 21:13:33,1694-03-26 05:28:56,13,384
1695,1695-03-20 11:17:42,1695-04-13 17:04:12,1695-04-14 06:06:23,12,354
1696,1696-03-19 17:04:38,1696-04-02 04:11:46,1696-04-02 05:19:34,12,355
1697,1697-03-19 22:55:49,1697-03-22 21:13:12,1697-03-23 05:32:29,13,384
1698,1698-03-20 04:41:59,1698-04-10 21:44:46,1698-04-11 06:09:30,12,355
1699,1699-03-20 10:38:15,1699-03-31 11:36:41,1699-04-01 06:21:45,12,354
1700,1700-03-20 16:26:56,1700-03-20 18:52:32,1700-03-21 05:36:04,13,384
1701,1701-03-20 22:10:59,1701-04-08 11:21:10,1701-04-09 06:12:43,12,354
1702,1702-03-21 04:12:49,1702-03-28 07:16:03,1702-03-29 05:26:30,13,383
1703,1703-03-21 10:04:46,1703-04-16 00:51:34,1703-04-16 06:05:22,12,355
1704,1704-03-20 15:50:39,1704-04-04 07:20:51,1704-04-05 06:17:13,12,354
1705,1705-03-20 21:42:18,1705-03-24 21:14:09,1705-03-25 05:31:18,13,384
1706,1706-03-21 03:24:59,1706-04-13 02:13:55,1706-04-13 06:08:27,12,355
1707,1707-03-21 09:18:41,1707-04-02 20:09:45,1707-04-03 05:20:37,12,355
1708,1708-03-20 15:05:11,1708-03-22 10:47:58,1708-03-23 05:33:35,13,384
1709,1709-03-20 20:41:26,1709-04-10 11:31:30,1709-04-11 06:10:29,12,354
1710,1710-03-21 02:35:13,1710-03-30 12:02:42,1710-03-31 05:24:04,13,383
1711,1711-03-21 08:19:14,1711-04-18 05:26:42,1711-04-18 06:03:17,12,354
1712,1712-03-20 14:00:21,1712-04-06 05:25:08,1712-04-06 06:16:06,12,355
1713,1713-03-20 19:55:24,1713-03-26 13:02:43,1713-03-27 05:28:51,13,384
1714,1714-03-21 01:44:31,1714-04-14 13:01:42,1714-04-15 06:06:18,12,355
1715,1715-03-21 07:43:19,1715-04-04 06:25:38,1715-04-05 06:18:15,12,354
1716,1716-03-20 13:36:02,1716-03-23 22:14:08,1716-03-24 05:32:24,13,384
1717,1717-03-20 19:15:34,1717-04-11 20:30:22,1717-04-12 06:09:25,12,354
1718,1718-03-21 01:14:13,1718-04-01 02:21:28,1718-04-01 05:22:55,13,384
1719,1719-03-21 07:04:25,1719-04-19 18:36:59,1719-04-20 06:01:16,12,354
1720,1720-03-20 12:47:34,1720-04-07 15:31:11,1720-04-08 06:13:49,12,354
1721,1721-03-20 18:41:55,1721-03-27 16:38:24,1721-03-28 05:27:41,13,384
1722,1722-03-21 00:27:13,1722-04-15 15:20:37,1722-04-16 06:05:17,12,355
1723,1723-03-21 06:18:01,1723-04-05 05:32:03,1723-04-06 05:17:08,12,354
1724,1724-03-20 12:08:58,1724-03-25 00:09:18,1724-03-25 05:31:13,13,384
1725,1725-03-20 17:48:17,1725-04-13 05:14:45,1725-04-13 06:08:22,12,355
1726,1726-03-20 23:46:59,1726-04-02 18:33:04,1726-04-03 06:20:32,12,354
1727,1727-03-21 05:38:27,1727-03-22 23:44:02,1727-03-23 05:34:48,13,384
1728,1728-03-20 11:16:15,1728-04-09 19:48:02,1728-04-10 06:11:33,12,354
1729,1729-03-20 17:07:45,1729-03-29 16:31:09,1729-03-30 05:25:15,13,384
1730,1730-03-20 22:52:09,1730-04-17 12:21:50,1730-04-18 06:03:13,12,354
1731,1731-03-21 04:41:13,1731-04-06 21:49:11,1731-04-07 06:16:01,12,355
1732,1732-03-20 10:33:40,1732-03-26 13:01:16,1732-03-27 05:28:46,13,384
1733,1733-03-20 16:11:27,1733-04-14 14:26:44,1733-04-15 06:06:14,12,355
1734,1734-03-20 22:06:21,1734-04-04 06:17:22,1734-04-05 05:18:11,12,354
1735,1735-03-21 03:59:07,1735-03-24 17:08:47,1735-03-25 05:32:19,13,384
1736,1736-03-20 09:39:10,1736-04-11 10:44:07,1736-04-12 06:09:21,12,354
1737,1737-03-20 15:39:34,1737-03-31 07:53:42,1737-04-01 05:22:50,12,354
1738,1738-03-20 21:33:56,1738-03-20 06:29:04,1738-03-21 05:37:11,13,383
1739,1739-03-21 03:27:47,1739-04-08 01:24:48,1739-04-08 06:14:55,12,355
1740,1740-03-20 09:23:24,1740-03-27 12:08:58,1740-03-28 05:27:35,13,384
1741,1741-03-20 15:01:43,1741-04-15 14:51:20,1741-04-16 06:05:13,12,355
1742,1742-03-20 20:55:12,1742-04-05 09:28:21,1742-04-06 06:17:03,12,354
1743,1743-03-21 02:47:14,1743-03-26 00:50:56,1743-03-26 05:31:08,13,384
1744,1744-03-20 08:22:22,1744-04-13 03:08:55,1744-04-13 06:08:18,12,355
1745,1745-03-20 14:13:10,1745-04-02 06:52:58,1745-04-03 05:20:27,12,353
1746,1746-03-20 19:58:25,1746-03-22 04:18:53,1746-03-22 05:36:00,13,384
1747,1747-03-21 01:41:48,1747-04-10 00:27:16,1747-04-10 06:12:39,12,354
1748,1748-03-20 07:34:04,1748-03-29 04:57:09,1748-03-29 05:26:25,13,384
1749,1749-03-20 13:15:27,1749-04-17 05:21:47,1749-04-17 06:04:13,12,355
1750,1750-03-20 19:12:00,1750-04-06 22:05:33,1750-04-07 06:15:57,12,355
1751,1751-03-21 01:08:50,1751-03-27 15:12:02,1751-03-28 05:28:41,13,384
1752,1752-03-20 06:47:40,1752-04-14 15:09:14,1752-04-15 06:06:09,12,354
1753,1753-03-20 12:40:56,1753-04-04 00:44:52,1753-04-04 06:19:19,12,354
1754,1754-03-20 18:34:23,1754-03-24 02:05:50,1754-03-24 05:33:31,13,384
1755,1755-03-21 00:22:23,1755-04-11 15:59:17,1755-04-12 06:10:25,12,354
1756,1756-03-20 06:18:02,1756-03-30 14:00:12,1756-03-31 05:24:00,13,384
1757,1757-03-20 12:00:37,1757-04-18 09:13:10,1757-04-19 06:02:10,12,354
1758,1758-03-20 17:51:33,1758-04-07 21:22:58,1758-04-08 06:14:50,12,355
1759,1759-03-20 23:46:40,1759-03-28 13:46:54,1759-03-29 05:27:30,13,384
1760,1760-03-20 05:25:17,1760-04-15 17:46:49,1760-04-16 06:05:08,12,355
1761,1761-03-20 11:19:29,1761-04-05 09:50:51,1761-04-06 06:16:59,12,354
1762,1762-03-20 17:15:34,1762-03-25 17:14:54,1762-03-26 05:31:03,13,384
1763,1763-03-20 23:00:28,1763-04-13 14:51:16,1763-04-14 06:08:13,12,354
1764,1764-03-20 04:50:51,1764-04-01 11:19:40,1764-04-02 05:21:36,12,354
1765,1765-03-20 10:30:44,1765-03-21 12:51:32,1765-03-22 05:35:55,13,384
1766,1766-03-20 16:17:25,1766-04-09 13:29:55,1766-04-10 06:12:34,12,354
1767,1767-03-20 22:11:42,1767-03-30 03:11:47,1767-03-30 05:26:20,13,384
1768,1768-03-20 03:48:01,1768-04-17 05:55:55,1768-04-17 06:04:08,12,355
1769,1769-03-20 09:37:19,1769-04-07 00:13:46,1769-04-07 06:15:52,12,355
1770,1770-03-20 15:30:36,1770-03-27 13:21:46,1770-03-28 05:28:36,13,384
1771,1771-03-20 21:15:41,1771-04-15 09:09:00,1771-04-16 06:06:05,12,354
1772,1772-03-20 03:10:48,1772-04-03 10:13:19,1772-04-04 06:19:14,12,354
1773,1773-03-20 09:01:35,1773-03-23 06:18:40,1773-03-24 05:33:26,13,383
1774,1774-03-20 14:56:52,1774-04-10 22:29:06,1774-04-11 06:11:30,12,355
1775,1775-03-20 20:56:08,1775-03-31 05:41:10,1775-04-01 05:23:55,12,354
1776,1776-03-20 02:36:55,1776-03-19 21:00:01,1776-03-20 05:38:18,13,384
1777,1777-03-20 08:26:07,1777-04-07 23:10:10,1777-04-08 06:14:46,12,355
1778,1778-03-20 14:21:20,1778-03-28 15:25:00,1778-03-29 05:27:25,13,384
1779,1779-03-20 20:05:47,1779-04-16 17:47:57,1779-04-17 06:05:04,12,354
1780,1780-03-20 01:54:16,1780-04-05 00:39:49,1780-04-05 06:18:06,12,354
1781,1781-03-20 07:37:30,1781-03-24 23:31:29,1781-03-25 05:32:15,13,384
1782,1782-03-20 13:22:11,1782-04-12 19:12:04,1782-04-13 06:09:17,12,354
1783,1783-03-20 19:12:53,1783-04-01 20:24:06,1783-04-02 06:22:46,12,355
1784,1784-03-20 00:53:49,1784-03-21 08:03:25,1784-03-22 05:35:49,13,384
1785,1785-03-20 06:43:06,1785-04-09 12:08:37,1785-04-10 06:12:29,12,355
1786,1786-03-20 12:41:51,1786-03-30 05:53:16,1786-03-31 05:24:59,13,384
1787,1787-03-20 18:28:29,1787-04-18 08:00:52,1787-04-19 06:03:00,12,354
1788,1788-03-20 00:16:43,1788-04-06 22:01:22,1788-04-07 06:15:47,12,354
1789,1789-03-20 06:05:02,1789-03-27 02:15:43,1789-03-27 05:29:47,13,384
1790,1790-03-20 11:54:14,1790-04-14 17:09:23,1790-04-15 06:07:07,12,354
1791,1791-03-20 17:49:01,1791-04-03 13:33:01,1791-04-04 05:20:23,12,354
1792,1792-03-19 23:32:59,1792-03-22 17:28:20,1792-03-23 05:34:38,13,384
1793,1793-03-20 05:20:05,1793-04-10 14:43:04,1793-04-11 06:11:25,12,354
1794,1794-03-20 11:16:24,1794-03-31 05:20:29,1794-03-31 05:25:05,12,355
1795,1795-03-20 17:04:00,1795-03-20 22:54:00,1795-03-21 05:38:13,13,384
1796,1796-03-19 22:54:08,1796-04-08 00:37:31,1796-04-08 06:14:41,12,355
1797,1797-03-20 04:47:57,1797-03-28 10:49:01,1797-03-29 05:27:20,13,384
1798,1798-03-20 10:39:15,1798-04-16 09:00:36,1798-04-17 06:05:00,12,354
1799,1799-03-20 16:31:15,1799-04-05 07:34:20,1799-04-06 06:18:02,12,353
1800,1800-03-20 22:11:59,1800-03-25 05:22:14,1800-03-25 05:33:27,13,384
1801,1801-03-21 03:55:36,1801-04-13 04:49:28,1801-04-13 06:10:21,12,355
1802,1802-03-21 09:48:06,1802-04-02 16:06:22,1802-04-03 05:22:41,12,355
1803,1803-03-21 15:33:48,1803-03-23 10:11:42,1803-03-24 05:35:44,13,384
1804,1804-03-20 21:17:25,1804-04-10 14:53:15,1804-04-11 06:12:25,12,355
1805,1805-03-21 03:04:22,1805-03-31 06:42:16,1805-04-01 05:24:54,13,383
1806,1806-03-21 08:52:05,1806-04-19 05:24:59,1806-04-19 06:04:00,12,355
1807,1807-03-21 14:41:56,1807-04-08 10:22:09,1807-04-09 06:15:42,12,354
1808,1808-03-20 20:29:48,1808-03-27 06:54:23,1808-03-28 05:29:42,13,383
1809,1809-03-21 02:21:53,1809-04-14 21:38:40,1809-04-15 06:08:10,12,354
1810,1810-03-21 08:20:42,1810-04-04 02:16:09,1810-04-04 06:21:32,12,355
1811,1811-03-21 14:12:54,1811-03-24 14:11:11,1811-03-25 05:34:33,13,384
1812,1812-03-20 19:59:14,1812-04-11 14:40:07,1812-04-12 06:11:20,12,355
1813,1813-03-21 01:49:49,1813-04-01 07:12:28,1813-04-02 05:23:45,12,354
1814,1814-03-21 07:42:39,1814-03-21 21:06:53,1814-03-22 05:38:08,13,384
1815,1815-03-21 13:30:50,1815-04-09 19:32:14,1815-04-10 06:14:36,12,354
1816,1816-03-20 19:15:57,1816-03-28 19:53:40,1816-03-29 05:28:31,13,384
1817,1817-03-21 01:00:14,1817-04-16 14:34:43,1817-04-17 06:06:01,12,354
1818,1818-03-21 06:49:57,1818-04-05 13:46:57,1818-04-06 06:19:10,12,354
1819,1819-03-21 12:38:44,1819-03-25 21:09:04,1819-03-26 05:33:22,13,384
1820,1820-03-20 18:23:46,1820-04-13 01:00:39,1820-04-13 06:10:16,12,355
1821,1821-03-21 00:15:23,1821-04-02 18:25:32,1821-04-03 05:22:36,12,355
1822,1822-03-21 06:09:04,1822-03-23 12:59:27,1822-03-24 05:35:39,13,384
1823,1823-03-21 11:54:44,1823-04-11 15:24:58,1823-04-12 06:12:20,12,354
1824,1824-03-20 17:38:40,1824-03-30 23:42:15,1824-03-31 05:26:05,13,384
1825,1825-03-20 23:25:17,1825-04-18 17:11:40,1825-04-19 06:03:55,12,354
1826,1826-03-21 05:16:27,1826-04-07 14:51:07,1826-04-08 06:16:50,12,354
1827,1827-03-21 11:08:15,1827-03-27 14:31:45,1827-03-28 05:30:53,13,384
1828,1828-03-20 16:53:11,1828-04-14 09:57:15,1828-04-15 06:08:05,12,354
1829,1829-03-20 22:42:25,1829-04-03 23:23:49,1829-04-04 06:21:27,12,355
1830,1830-03-21 04:37:10,1830-03-24 15:37:39,1830-03-25 05:34:28,13,384
1831,1831-03-21 10:26:23,1831-04-12 16:30:15,1831-04-13 06:11:16,12,354
1832,1832-03-20 16:16:27,1832-04-01 05:04:05,1832-04-01 05:24:55,12,355
1833,1833-03-20 22:11:47,1833-03-21 10:11:09,1833-03-22 05:38:03,13,383
1834,1834-03-21 04:04:17,1834-04-09 04:06:38,1834-04-09 06:15:43,12,354
1835,1835-03-21 09:55:38,1835-03-29 00:14:08,1835-03-29 05:29:43,13,384
1836,1836-03-20 15:38:51,1836-04-15 21:10:50,1836-04-16 06:07:03,12,354
1837,1837-03-20 21:23:32,1837-04-05 06:07:18,1837-04-05 06:20:19,12,355
1838,1838-03-21 03:16:56,1838-03-25 21:43:13,1838-03-26 05:33:16,13,384
1839,1839-03-21 08:59:35,1839-04-14 03:28:14,1839-04-14 06:10:12,12,355
1840,1840-03-20 14:40:28,1840-04-02 22:03:39,1840-04-03 06:22:31,12,355
1841,1841-03-20 20:28:03,1841-03-23 10:09:09,1841-03-24 05:35:34,13,384
1842,1842-03-21 02:13:02,1842-04-11 07:51:09,1842-04-12 06:12:15,12,354
1843,1843-03-21 08:04:22,1843-03-31 06:35:07,1843-04-01 05:26:00,13,383
1844,1844-03-20 13:53:57,1844-04-17 21:33:03,1844-04-18 06:04:56,12,354
1845,1845-03-20 19:44:12,1845-04-06 22:58:10,1845-04-07 06:17:57,12,355
1846,1846-03-21 01:45:19,1846-03-27 08:07:58,1846-03-28 05:30:48,13,384
1847,1847-03-21 07:32:13,1847-04-15 07:30:52,1847-04-16 06:08:01,12,354
1848,1848-03-20 13:17:40,1848-04-03 23:56:18,1848-04-04 05:21:22,12,355
1849,1849-03-20 19:12:26,1849-03-24 15:38:39,1849-03-25 05:34:22,13,384
1850,1850-03-21 01:01:45,1850-04-12 14:00:28,1850-04-13 06:11:11,12,354
1851,1851-03-21 06:53:55,1851-04-01 17:35:40,1851-04-02 06:24:50,12,354
1852,1852-03-20 12:40:57,1852-03-20 14:52:35,1852-03-21 05:39:15,13,384
1853,1853-03-20 18:24:00,1853-04-08 08:34:29,1853-04-09 06:15:38,12,354
1854,1854-03-21 00:19:39,1854-03-28 12:06:38,1854-03-29 05:29:38,13,384
1855,1855-03-21 06:05:15,1855-04-16 14:03:24,1855-04-17 06:06:59,12,355
1856,1856-03-20 11:49:13,1856-04-05 06:58:23,1856-04-06 06:19:00,12,354
1857,1857-03-20 17:45:07,1857-03-26 01:09:21,1857-03-26 05:33:11,13,384
1858,1858-03-20 23:31:28,1858-04-14 05:53:47,1858-04-14 06:10:07,12,355
1859,1859-03-21 05:18:29,1859-04-03 17:44:41,1859-04-04 05:22:26,12,354
1860,1860-03-20 11:04:24,1860-03-22 20:59:28,1860-03-23 05:36:46,13,384
1861,1861-03-20 16:46:34,1861-04-10 14:19:17,1861-04-11 06:13:21,12,354
1862,1862-03-20 22:42:47,1862-03-30 11:44:42,1862-03-31 05:27:11,13,384
1863,1863-03-21 04:29:58,1863-04-18 06:12:37,1863-04-19 06:04:52,12,354
1864,1864-03-20 10:09:57,1864-04-06 17:06:04,1864-04-07 06:17:53,12,355
1865,1865-03-20 16:06:04,1865-03-27 08:36:02,1865-03-28 05:30:43,13,384
1866,1866-03-20 21:54:32,1866-04-15 09:10:07,1866-04-16 06:07:56,12,354
1867,1867-03-21 03:46:42,1867-04-05 00:43:54,1867-04-05 06:21:17,12,355
1868,1868-03-20 09:43:50,1868-03-24 08:17:57,1868-03-25 05:34:17,13,383
1869,1869-03-20 15:32:12,1869-04-12 01:59:52,1869-04-12 06:12:16,12,354
1870,1870-03-20 21:31:50,1870-03-31 22:06:34,1870-04-01 05:26:01,12,354
1871,1871-03-21 03:20:02,1871-03-20 22:31:28,1871-03-21 05:40:28,13,384
1872,1872-03-20 08:57:25,1872-04-07 21:00:25,1872-04-08 06:16:45,12,355
1873,1873-03-20 14:52:38,1873-03-28 10:00:28,1873-03-29 05:29:32,13,384
1874,1874-03-20 20:38:04,1874-04-16 15:08:50,1874-04-17 06:06:54,12,355
1875,1875-03-21 02:21:28,1875-04-06 09:20:48,1875-04-07 06:18:55,12,354
1876,1876-03-20 08:10:11,1876-03-26 01:04:42,1876-03-26 05:33:06,13,384
1877,1877-03-20 13:48:20,1877-04-14 02:03:00,1877-04-14 06:10:02,12,354
1878,1878-03-20 19:42:20,1878-04-03 05:01:11,1878-04-03 06:23:36,12,354
1879,1879-03-21 01:32:07,1879-03-23 01:13:15,1879-03-23 05:37:58,13,384
1880,1880-03-20 07:13:35,1880-04-09 19:48:10,1880-04-10 06:14:27,12,354
1881,1881-03-20 13:13:53,1881-03-30 01:56:15,1881-03-30 05:28:22,13,384
1882,1882-03-20 19:04:30,1882-04-18 00:53:40,1882-04-18 06:05:53,12,355
1883,1883-03-21 00:50:07,1883-04-07 17:48:04,1883-04-08 06:17:48,12,355
1884,1884-03-20 06:44:36,1884-03-27 09:54:04,1884-03-28 05:30:38,13,384
1885,1885-03-20 12:29:47,1885-04-15 08:44:34,1885-04-16 06:07:52,12,354
1886,1886-03-20 18:26:29,1886-04-04 15:53:29,1886-04-05 05:21:12,12,354
1887,1887-03-21 00:18:38,1887-03-24 15:07:56,1887-03-25 05:35:29,13,384
1888,1888-03-20 05:55:42,1888-04-11 06:22:31,1888-04-12 06:12:11,12,354
1889,1889-03-20 11:50:59,1889-03-31 06:13:06,1889-04-01 05:25:56,12,354
1890,1890-03-20 17:40:49,1890-03-20 16:23:38,1890-03-21 05:40:22,13,384
1891,1891-03-20 23:25:29,1891-04-08 19:17:28,1891-04-09 06:16:41,12,355
1892,1892-03-20 05:22:11,1892-03-28 12:54:23,1892-03-29 05:29:27,13,384
1893,1893-03-20 11:08:13,1893-04-16 18:24:26,1893-04-17 06:06:50,12,355
1894,1894-03-20 16:59:22,1894-04-06 09:52:14,1894-04-07 06:18:50,12,354
1895,1895-03-20 22:49:19,1895-03-26 15:43:14,1895-03-27 05:33:01,13,384
1896,1896-03-20 04:22:44,1896-04-13 11:44:31,1896-04-14 06:09:58,12,354
1897,1897-03-20 10:16:19,1897-04-02 08:15:47,1897-04-03 05:23:31,12,354
1898,1898-03-20 16:06:21,1898-03-22 11:22:57,1898-03-23 05:37:53,13,384
1899,1899-03-20 21:45:56,1899-04-10 10:35:58,1899-04-11 06:14:23,12,354
1900,1900-03-21 03:39:06,1900-03-31 00:54:26,1900-03-31 05:28:17,13,384
1901,1901-03-21 09:23:51,1901-04-19 01:50:24,1901-04-19 06:05:48,12,355
1902,1902-03-21 15:16:46,1902-04-08 19:00:17,1902-04-09 06:17:43,12,355
1903,1903-03-21 21:15:22,1903-03-29 05:54:39,1903-03-30 05:30:33,13,383
1904,1904-03-21 02:58:22,1904-04-16 00:24:32,1904-04-16 06:08:55,12,354
1905,1905-03-21 08:57:53,1905-04-04 22:20:29,1905-04-05 06:22:22,12,354
1906,1906-03-21 14:53:00,1906-03-24 20:09:04,1906-03-25 05:36:42,13,384
1907,1907-03-21 20:33:11,1907-04-12 14:57:50,1907-04-13 06:13:17,12,354
1908,1908-03-21 02:27:33,1908-04-01 00:35:05,1908-04-01 06:27:06,12,355
1909,1909-03-21 08:13:54,1909-03-21 17:31:20,1909-03-22 05:40:17,13,384
1910,1910-03-21 14:03:13,1910-04-09 22:14:43,1910-04-10 06:16:36,12,355
1911,1911-03-21 19:54:50,1911-03-30 14:30:19,1911-03-31 05:29:22,13,384
1912,1912-03-21 01:29:27,1912-04-17 17:28:39,1912-04-18 06:06:45,12,354
1913,1913-03-21 07:18:48,1913-04-06 23:53:54,1913-04-07 06:19:59,12,354
1914,1914-03-21 13:11:13,1914-03-26 20:56:54,1914-03-27 05:34:13,13,384
1915,1915-03-21 18:51:53,1915-04-14 16:02:36,1915-04-15 06:11:02,12,354
1916,1916-03-21 00:47:25,1916-04-02 18:59:57,1916-04-03 05:24:41,12,355
1917,1917-03-21 06:37:54,1917-03-23 07:48:31,1917-03-24 05:37:48,13,384
1918,1918-03-21 12:26:13,1918-04-11 09:55:28,1918-04-12 06:14:18,12,354
1919,1919-03-21 18:19:48,1919-04-01 02:57:51,1919-04-01 05:28:12,12,355
1920,1920-03-20 23:59:32,1920-03-20 17:55:32,1920-03-21 05:41:24,13,384
1921,1921-03-21 05:52:08,1921-04-08 14:36:23,1921-04-09 06:17:38,12,354
1922,1922-03-21 11:48:51,1922-03-28 16:09:15,1922-03-29 05:31:45,13,384
1923,1923-03-21 17:29:19,1923-04-16 06:30:09,1923-04-17 06:08:50,12,353
1924,1924-03-20 23:20:59,1924-04-04 04:37:57,1924-04-04 06:23:31,12,355
1925,1925-03-21 05:12:34,1925-03-24 09:58:03,1925-03-25 05:36:37,13,384
1926,1926-03-21 11:01:29,1926-04-12 09:49:06,1926-04-13 06:13:12,12,354
1927,1927-03-21 16:59:54,1927-04-02 01:55:21,1927-04-02 05:27:01,12,355
1928,1928-03-20 22:44:29,1928-03-21 19:53:29,1928-03-22 05:40:12,13,384
1929,1929-03-21 04:35:57,1929-04-09 23:33:32,1929-04-10 06:16:31,12,355
1930,1930-03-21 10:30:17,1930-03-30 08:35:16,1930-03-31 05:29:17,13,384
1931,1931-03-21 16:06:47,1931-04-18 06:51:26,1931-04-19 06:06:41,12,353
1932,1932-03-20 21:54:20,1932-04-06 04:52:14,1932-04-06 06:21:08,12,354
1933,1933-03-21 03:43:53,1933-03-26 04:04:37,1933-03-26 05:35:25,13,384
1934,1934-03-21 09:27:57,1934-04-14 03:23:03,1934-04-14 06:12:07,12,355
1935,1935-03-21 15:18:21,1935-04-03 16:53:07,1935-04-04 06:24:36,12,355
1936,1936-03-20 20:57:58,1936-03-23 09:53:32,1936-03-24 05:37:43,13,384
1937,1937-03-21 02:45:48,1937-04-11 11:59:55,1937-04-12 06:14:13,12,354
1938,1938-03-21 08:43:38,1938-04-01 01:53:11,1938-04-01 05:28:07,12,355
1939,1939-03-21 14:29:05,1939-03-21 08:42:24,1939-03-22 05:41:18,13,383
1940,1940-03-20 20:24:19,1940-04-08 00:20:49,1940-04-08 06:18:46,12,354
1941,1941-03-21 02:21:17,1941-03-27 20:17:03,1941-03-28 05:32:57,13,384
1942,1942-03-21 08:10:40,1942-04-15 12:06:12,1942-04-16 06:09:54,12,354
1943,1943-03-21 14:03:12,1943-04-04 17:59:51,1943-04-05 05:23:26,12,355
1944,1944-03-20 19:48:57,1944-03-24 08:38:56,1944-03-25 05:36:31,13,384
1945,1945-03-21 01:38:10,1945-04-12 11:20:54,1945-04-13 06:13:08,12,354
1946,1946-03-21 07:33:10,1946-04-02 04:10:22,1946-04-02 05:26:56,12,355
1947,1947-03-21 13:13:30,1947-03-22 17:11:45,1947-03-23 05:40:07,13,384
1948,1948-03-20 18:57:46,1948-04-09 17:04:05,1948-04-10 06:16:26,12,354
1949,1949-03-21 00:48:56,1949-03-29 16:07:45,1949-03-30 05:30:29,13,384
1950,1950-03-21 06:35:38,1950-04-17 11:36:17,1950-04-18 06:07:43,12,354
1951,1951-03-21 12:26:42,1951-04-06 12:28:13,1951-04-07 06:21:03,12,354
1952,1952-03-20 18:14:04,1952-03-25 21:39:22,1952-03-26 05:35:20,13,384
1953,1953-03-21 00:01:26,1953-04-14 00:43:41,1953-04-14 06:12:03,12,355
1954,1954-03-21 05:53:47,1954-04-03 18:05:56,1954-04-04 05:24:31,12,355
1955,1955-03-21 11:36:00,1955-03-24 11:20:56,1955-03-25 05:37:38,13,384
1956,1956-03-20 17:21:42,1956-04-11 10:36:26,1956-04-12 06:14:08,12,354
1957,1957-03-20 23:17:21,1957-03-31 16:08:24,1957-04-01 05:28:01,12,354
1958,1958-03-21 05:06:11,1958-03-20 14:13:38,1958-03-21 05:42:31,13,383
1959,1959-03-21 10:55:40,1959-04-08 04:29:34,1959-04-08 06:19:55,12,355
1960,1960-03-20 16:43:11,1960-03-27 06:06:15,1960-03-28 05:32:51,13,383
1961,1961-03-20 22:33:07,1961-04-15 03:01:47,1961-04-15 06:10:58,12,355
1962,1962-03-21 04:30:22,1962-04-04 18:00:43,1962-04-05 06:23:21,12,355
1963,1963-03-21 10:20:32,1963-03-25 10:44:34,1963-03-26 05:36:26,13,384
1964,1964-03-20 16:10:36,1964-04-12 13:27:24,1964-04-13 06:13:03,12,354
1965,1965-03-20 22:05:40,1965-04-02 01:02:15,1965-04-02 05:26:51,12,354
1966,1966-03-21 03:53:19,1966-03-22 04:25:24,1966-03-22 05:41:19,13,384
1967,1967-03-21 09:37:50,1967-04-10 00:09:02,1967-04-10 06:17:34,12,354
1968,1968-03-20 15:22:36,1968-03-28 21:07:21,1968-03-29 05:31:40,13,384
1969,1969-03-20 21:08:49,1969-04-16 19:42:24,1969-04-17 06:08:46,12,355
1970,1970-03-21 02:57:06,1970-04-06 06:35:29,1970-04-07 06:20:58,12,354
1971,1971-03-21 08:39:03,1971-03-26 23:00:12,1971-03-27 05:35:15,13,384
1972,1972-03-20 14:21:54,1972-04-14 03:03:19,1972-04-14 06:11:58,12,355
1973,1973-03-20 20:13:29,1973-04-03 19:21:11,1973-04-04 06:24:26,12,355
1974,1974-03-21 02:07:21,1974-03-24 06:05:52,1974-03-25 05:37:33,13,383
1975,1975-03-21 07:57:47,1975-04-12 00:19:10,1975-04-12 06:15:15,12,354
1976,1976-03-20 13:50:27,1976-03-30 21:22:57,1976-03-31 05:29:13,13,384
1977,1977-03-20 19:43:30,1977-04-18 11:35:10,1977-04-19 06:06:37,12,354
1978,1978-03-21 01:34:27,1978-04-07 14:51:09,1978-04-08 06:19:50,12,354
1979,1979-03-21 07:22:53,1979-03-28 01:46:05,1979-03-28 05:34:03,13,384
1980,1980-03-20 13:10:32,1980-04-15 02:22:48,1980-04-15 06:10:54,12,355
1981,1981-03-20 19:03:47,1981-04-04 20:07:13,1981-04-05 06:23:16,12,355
1982,1982-03-21 00:56:25,1982-03-25 10:01:25,1982-03-26 05:36:21,13,384
1983,1983-03-21 06:39:41,1983-04-13 09:51:30,1983-04-14 06:12:58,12,354
1984,1984-03-20 12:25:02,1984-04-01 11:42:31,1984-04-02 05:26:46,12,354
1985,1985-03-20 18:15:13,1985-03-21 08:40:49,1985-03-22 05:41:14,13,383
1986,1986-03-21 00:03:50,1986-04-09 05:24:41,1986-04-09 06:18:42,12,355
1987,1987-03-21 05:53:12,1987-03-29 11:14:23,1987-03-30 05:31:35,13,384
1988,1988-03-20 11:40:00,1988-04-16 14:21:23,1988-04-17 06:08:42,12,355
1989,1989-03-20 17:29:30,1989-04-06 08:10:08,1989-04-07 06:20:53,12,354
1990,1990-03-20 23:19:59,1990-03-27 01:56:15,1990-03-27 05:35:10,13,384
1991,1991-03-21 05:03:09,1991-04-15 04:04:49,1991-04-15 06:11:53,12,355
1992,1992-03-20 10:49:08,1992-04-03 14:36:26,1992-04-04 06:24:21,12,354
1993,1993-03-20 16:42:08,1993-03-23 14:36:06,1993-03-24 05:38:45,13,383
1994,1994-03-20 22:29:09,1994-04-11 05:18:32,1994-04-11 06:16:22,12,354
1995,1995-03-21 04:15:45,1995-03-31 03:53:42,1995-03-31 05:30:24,13,384
1996,1996-03-20 10:04:14,1996-04-17 22:31:08,1996-04-18 06:07:39,12,355
1997,1997-03-20 15:56:09,1997-04-07 10:58:19,1997-04-08 06:19:45,12,354
1998,1998-03-20 21:55:30,1998-03-28 02:59:04,1998-03-28 05:33:58,13,384
1999,1999-03-21 03:46:59,1999-04-16 04:30:02,1999-04-16 06:10:49,12,355
2000,2000-03-20 09:36:28,2000-04-04 18:05:26,2000-04-05 06:23:11,12,354
2001,2001-03-20 15:32:04,2001-03-25 00:42:24,2001-03-25 05:37:33,13,384
2002,2002-03-20 21:17:20,2002-04-12 19:58:40,2002-04-13 06:14:04,12,354
2003,2003-03-21 03:01:30,2003-04-01 15:56:09,2003-04-02 06:27:57,12,354
2004,2004-03-20 08:49:51,2004-03-20 18:29:51,2004-03-21 05:42:26,13,384
2005,2005-03-20 14:34:48,2005-04-08 20:06:08,2005-04-09 06:18:37,12,355
2006,2006-03-20 20:26:30,2006-03-29 10:50:17,2006-03-30 05:31:30,13,384
2007,2007-03-21 02:08:28,2007-04-17 16:07:50,2007-04-18 06:08:37,12,355
2008,2008-03-20 07:49:31,2008-04-06 10:59:24,2008-04-07 06:20:48,12,354
2009,2009-03-20 13:45:05,2009-03-27 00:09:17,2009-03-27 06:35:04,13,384
2010,2010-03-20 19:33:05,2010-04-14 21:48:27,2010-04-15 06:11:49,12,354
2011,2011-03-21 01:21:54,2011-04-03 22:38:15,2011-04-04 06:25:31,12,354
2012,2012-03-20 07:15:36,2012-03-22 18:59:05,2012-03-23 05:39:57,13,384
2013,2013-03-20 13:03:00,2013-04-10 12:15:21,2013-04-11 06:16:17,12,354
2014,2014-03-20 18:58:01,2014-03-30 21:07:24,2014-03-31 06:30:19,12,355
2015,2015-03-21 00:46:20,2015-03-20 11:35:39,2015-03-21 05:43:33,13,384
2016,2016-03-20 06:31:16,2016-04-07 12:20:25,2016-04-08 06:19:40,12,354
2017,2017-03-20 12:30:01,2017-03-28 04:38:43,2017-03-28 06:33:53,13,384
2018,2018-03-20 18:16:16,2018-04-16 03:09:12,2018-04-16 06:10:44,12,355
2019,2019-03-20 23:59:38,2019-04-05 09:13:51,2019-04-06 06:23:06,12,354
2020,2020-03-20 05:51:09,2020-03-24 06:05:43,2020-03-25 05:37:28,13,383
2021,2021-03-20 11:38:41,2021-04-12 00:12:53,2021-04-12 06:15:11,12,354
2022,2022-03-20 17:34:30,2022-04-01 03:17:25,2022-04-01 06:29:08,12,355
2023,2023-03-20 23:25:53,2023-03-21 14:49:20,2023-03-22 05:42:21,13,384
2024,2024-03-20 05:07:44,2024-04-08 20:01:33,2024-04-09 06:18:32,12,355
2025,2025-03-20 11:02:45,2025-03-29 15:14:10,2025-03-30 06:31:25,13,384
2026,2026-03-20 16:46:45,2026-04-17 18:47:48,2026-04-18 06:08:33,12,355
2027,2027-03-20 22:26:03,2027-04-07 08:46:13,2027-04-08 06:20:43,12,354
2028,2028-03-20 04:18:17,2028-03-26 12:30:26,2028-03-27 05:34:59,13,383
2029,2029-03-20 10:02:51,2029-04-14 05:21:48,2029-04-14 06:12:54,12,354
2030,2030-03-20 15:53:04,2030-04-03 03:11:30,2030-04-03 06:26:42,12,355
2031,2031-03-20 21:42:17,2031-03-23 07:00:48,2031-03-24 05:39:52,13,383
2032,2032-03-20 03:23:23,2032-04-10 05:02:37,2032-04-10 06:17:25,12,355
