Year,OutsetYear,OutsetMoon,OutsetDay,Moons,Days,Ten Years
1583,1583-03-20 23:52:47,1583-03-23 19:11:33,1583-03-24 06:04:57,13,384
1584,1584-03-20 05:41:23,1584-04-10 19:12:13,1584-04-11 06:36:41,12,354
1585,1585-03-20 11:39:07,1585-03-31 03:40:01,1585-03-31 05:53:17,13,384
1586,1586-03-20 17:24:06,1586-04-18 20:07:44,1586-04-19 06:26:36,12,354
1587,1587-03-20 23:17:07,1587-04-07 17:39:25,1587-04-08 06:42:06,12,354
1588,1588-03-20 05:12:46,1588-03-26 16:41:47,1588-03-27 05:59:08,13,384
1589,1589-03-20 10:51:21,1589-04-14 12:07:08,1589-04-15 06:31:35,12,354
1590,1590-03-20 16:45:39,1590-04-04 01:16:00,1590-04-04 06:47:41,12,355
1591,1591-03-20 22:38:33,1591-03-24 17:50:33,1591-03-25 06:03:29,13,384
1592,1592-03-20 04:19:56,1592-04-11 21:04:15,1592-04-12 06:35:24,12,355,3662
1593,1593-03-20 10:11:24,1593-04-01 11:04:17,1593-04-02 05:50:21,12,354,3632
1594,1594-03-20 15:56:44,1594-03-21 17:48:56,1594-03-22 06:07:53,13,384,3662
1595,1595-03-20 21:48:21,1595-04-09 14:33:43,1595-04-10 06:39:19,12,354,3632
1596,1596-03-20 03:45:38,1596-03-28 10:51:06,1596-03-29 05:56:09,13,384,3662
1597,1597-03-20 09:22:44,1597-04-16 07:45:17,1597-04-17 06:29:01,12,354,3662
1598,1598-03-20 15:12:11,1598-04-05 15:37:41,1598-04-06 06:44:49,12,355,3633
1599,1599-03-20 21:04:08,1599-03-26 06:24:52,1599-03-27 06:00:28,13,384,3663
1600,1600-03-20 02:44:02,1600-04-13 10:00:51,1600-04-14 06:32:45,12,354,3662
1601,1601-03-20 08:35:50,1601-04-03 04:13:27,1601-04-03 06:48:58,12,355,3633
1602,1602-03-20 14:22:04,1602-03-23 16:29:19,1602-03-24 06:04:50,13,384,3662
1603,1603-03-20 20:10:10,1603-04-11 11:57:35,1603-04-12 06:36:36,12,354,3662
1604,1604-03-20 02:04:41,1604-03-30 10:59:11,1604-03-31 05:53:11,13,383,3661
1605,1605-03-20 07:43:29,1605-04-18 00:36:24,1605-04-18 06:27:49,12,354,3661
1606,1606-03-20 13:37:06,1606-04-07 01:12:23,1606-04-07 06:43:28,12,355,3632
1607,1607-03-20 19:38:38,1607-03-27 09:39:04,1607-03-28 05:59:02,13,384,3662
1608,1608-03-20 01:26:01,1608-04-14 09:30:30,1608-04-15 06:31:30,12,354,3661
1609,1609-03-20 07:21:15,1609-04-04 02:10:46,1609-04-04 05:47:35,12,355,3632
1610,1610-03-20 13:09:57,1610-03-24 18:44:47,1610-03-25 06:03:23,13,384,3662
1611,1611-03-20 18:58:00,1611-04-12 19:57:41,1611-04-13 06:35:18,12,354,3661
1612,1612-03-20 00:51:08,1612-04-01 01:08:40,1612-04-01 06:51:46,12,354,3631
1613,1613-03-20 06:29:42,1613-03-20 23:05:58,1613-03-21 06:09:22,13,384,3661
1614,1614-03-20 12:16:11,1614-04-08 18:51:24,1614-04-09 06:40:40,12,354,3632
1615,1615-03-20 18:08:36,1615-03-28 21:32:17,1615-03-29 05:57:35,13,384,3662
1616,1616-03-19 23:47:04,1616-04-15 23:09:03,1616-04-16 06:30:16,12,355,3662
1617,1617-03-20 05:33:57,1617-04-05 15:27:29,1617-04-06 06:44:43,12,355,3633
1618,1618-03-20 11:24:05,1618-03-26 09:26:25,1618-03-27 06:00:22,13,384,3663
1619,1619-03-20 17:14:57,1619-04-14 11:59:40,1619-04-15 06:32:40,12,354,3662
1620,1620-03-19 23:11:09,1620-04-03 00:06:05,1620-04-03 05:48:52,12,354,3632
1621,1621-03-20 04:54:21,1621-03-23 04:00:57,1621-03-23 06:06:19,13,384,3662
1622,1622-03-20 10:42:14,1622-04-10 18:51:26,1622-04-11 06:37:55,12,354,3662
1623,1623-03-20 16:38:41,1623-03-30 15:44:34,1623-03-31 05:54:37,13,384,3662
1624,1624-03-19 22:23:52,1624-04-17 08:38:52,1624-04-18 06:27:44,12,354,3662
1625,1625-03-20 04:13:35,1625-04-06 18:41:22,1625-04-07 06:43:22,12,355,3633
1626,1626-03-20 10:07:11,1626-03-27 09:51:16,1626-03-28 05:58:55,13,384,3662
1627,1627-03-20 15:55:27,1627-04-15 11:31:41,1627-04-16 06:31:25,12,354,3661
1628,1628-03-19 21:47:28,1628-04-04 03:51:45,1628-04-04 06:47:29,12,355,3632
1629,1629-03-20 03:30:49,1629-03-24 12:37:06,1629-03-25 06:03:17,13,384,3662
1630,1630-03-20 09:19:48,1630-04-12 09:26:14,1630-04-13 06:35:13,12,354,3662
1631,1631-03-20 15:18:45,1631-04-01 06:09:48,1631-04-02 05:51:40,12,353,3631
1632,1632-03-19 21:04:50,1632-03-20 06:02:39,1632-03-20 06:10:51,13,384,3661
1633,1633-03-20 02:50:30,1633-04-08 06:07:15,1633-04-08 06:42:01,12,355,3632
1634,1634-03-20 08:39:41,1634-03-28 18:41:13,1634-03-29 05:57:29,13,384,3662
1635,1635-03-20 14:24:59,1635-04-16 23:18:03,1635-04-17 06:30:10,12,355,3662
1636,1636-03-19 20:13:02,1636-04-05 17:28:51,1636-04-06 06:44:37,12,355,3633
1637,1637-03-20 01:55:18,1637-03-26 09:40:10,1637-03-27 06:00:16,13,384,3663
1638,1638-03-20 07:40:09,1638-04-14 08:25:23,1638-04-15 06:32:34,12,354,3662
1639,1639-03-20 13:33:01,1639-04-03 12:04:46,1639-04-04 06:48:46,12,354,3632
1640,1640-03-19 19:17:04,1640-03-22 08:17:40,1640-03-23 06:06:13,13,383,3661
1641,1641-03-20 01:04:20,1641-04-09 23:52:14,1641-04-10 06:39:14,12,354,3662
1642,1642-03-20 07:00:45,1642-03-30 04:52:03,1642-03-30 05:56:03,13,384,3662
1643,1643-03-20 12:57:47,1643-04-18 02:40:37,1643-04-18 06:28:57,12,355,3662
1644,1644-03-19 18:52:08,1644-04-06 19:08:32,1644-04-07 06:43:16,12,355,3633
1645,1645-03-20 00:40:51,1645-03-27 11:23:33,1645-03-28 05:58:49,13,384,3662
1646,1646-03-20 06:29:24,1646-04-15 11:58:52,1646-04-16 06:31:19,12,354,3661
1647,1647-03-20 12:22:53,1647-04-04 20:13:16,1647-04-05 05:47:23,12,354,3631
1648,1648-03-19 18:10:01,1648-03-23 20:16:27,1648-03-24 06:04:45,13,384,3661
1649,1649-03-19 23:54:01,1649-04-11 14:13:36,1649-04-12 06:36:31,12,354,3661
1650,1650-03-20 05:43:38,1650-03-31 13:33:06,1650-04-01 05:53:06,12,354,3632
1651,1651-03-20 11:31:34,1651-03-20 23:22:36,1651-03-21 06:10:45,13,384,3662
1652,1652-03-19 17:14:35,1652-04-08 03:42:23,1652-04-08 06:41:55,12,355,3633
1653,1653-03-19 22:58:29,1653-03-28 21:33:49,1653-03-29 05:57:23,13,384,3662
1654,1654-03-20 04:47:13,1654-04-17 02:17:01,1654-04-17 06:30:05,12,355,3662
1655,1655-03-20 10:40:48,1655-04-06 18:22:07,1655-04-07 06:44:31,12,354,3632
1656,1656-03-19 16:30:44,1656-03-26 01:18:19,1656-03-26 06:01:43,13,384,3662
1657,1657-03-19 22:14:34,1657-04-13 18:50:15,1657-04-14 06:33:51,12,354,3662
1658,1658-03-20 04:05:38,1658-04-02 15:17:52,1658-04-03 05:50:10,12,354,3632
1659,1659-03-20 09:58:24,1659-03-22 17:12:17,1659-03-23 06:07:41,13,384,3662
1660,1660-03-19 15:46:03,1660-04-09 13:35:22,1660-04-10 06:39:09,12,354,3662
1661,1661-03-19 21:34:05,1661-03-30 02:56:20,1661-03-30 05:55:57,12,355,3633
1662,1662-03-20 03:24:52,1662-03-19 20:18:09,1662-03-20 06:12:07,13,384,3662
1663,1663-03-20 09:15:49,1663-04-07 20:36:05,1663-04-08 06:43:10,12,355,3633
1664,1664-03-19 15:05:00,1664-03-27 08:04:46,1664-03-28 05:58:43,13,383,3661
1665,1665-03-19 20:51:53,1665-04-15 04:49:13,1665-04-15 06:32:35,12,354,3661
1666,1666-03-20 02:46:00,1666-04-04 04:25:57,1666-04-04 06:48:47,12,354,3631
1667,1667-03-20 08:43:53,1667-03-24 01:01:57,1667-03-24 06:06:14,13,384,3661
1668,1668-03-19 14:30:49,1668-04-10 22:04:37,1668-04-11 06:37:50,12,355,3662
1669,1669-03-19 20:14:49,1669-03-31 07:25:16,1669-04-01 05:53:00,12,354,3632
1670,1670-03-20 02:02:44,1670-03-21 00:42:41,1670-03-21 06:10:39,13,384,3662
1671,1671-03-20 07:48:48,1671-04-09 06:40:26,1671-04-09 06:41:49,12,355,3662
1672,1672-03-19 13:34:42,1672-03-28 23:49:26,1672-03-29 05:57:17,13,384,3662
1673,1673-03-19 19:18:41,1673-04-17 01:47:06,1673-04-17 06:30:00,12,355,3662
1674,1674-03-20 01:04:17,1674-04-06 09:25:01,1674-04-07 06:44:25,12,354,3633
1675,1675-03-20 06:57:19,1675-03-26 07:10:44,1675-03-27 06:01:37,13,383,3662
1676,1676-03-19 12:40:46,1676-04-12 23:02:14,1676-04-13 06:35:08,12,354,3662
1677,1677-03-19 18:26:59,1677-04-02 00:44:50,1677-04-02 05:51:35,12,355,3633
1678,1678-03-20 00:24:52,1678-03-22 12:09:54,1678-03-23 06:07:35,13,384,3662
1679,1679-03-20 06:18:19,1679-04-10 12:02:48,1679-04-11 06:39:03,12,354,3662
1680,1680-03-19 12:11:28,1680-03-30 04:34:46,1680-03-30 05:55:51,12,355,3633
1681,1681-03-19 18:00:57,1681-03-19 19:36:35,1681-03-20 06:12:00,13,384,3662
1682,1682-03-19 23:49:19,1682-04-07 16:53:25,1682-04-08 06:43:04,12,354,3632
1683,1683-03-20 05:46:45,1683-03-27 19:03:55,1683-03-28 06:00:10,13,384,3661
1684,1684-03-19 11:32:26,1684-04-14 11:36:46,1684-04-15 06:32:29,12,354,3661
1685,1685-03-19 17:15:30,1685-04-03 09:25:06,1685-04-04 06:48:41,12,354,3632
1686,1686-03-19 23:08:15,1686-03-23 14:23:59,1686-03-24 06:06:07,13,384,3662
1687,1687-03-20 04:51:43,1687-04-11 16:27:25,1687-04-12 06:37:44,12,355,3662
1688,1688-03-19 10:37:16,1688-03-31 08:59:50,1688-04-01 05:52:54,12,354,3632
1689,1689-03-19 16:24:51,1689-03-21 03:58:37,1689-03-21 06:10:32,13,385,3663
1690,1690-03-19 22:13:11,1690-04-09 08:40:35,1690-04-10 06:40:17,12,354,3662
1691,1691-03-20 04:11:11,1691-03-29 19:14:14,1691-03-30 05:57:11,13,384,3662
1692,1692-03-19 09:57:13,1692-04-16 16:12:33,1692-04-17 06:29:54,12,354,3662
1693,1693-03-19 15:37:30,1693-04-05 14:57:40,1693-04-06 06:45:48,12,354,3632
1694,1694-03-19 21:31:23,1694-03-25 13:13:33,1694-03-26 06:03:05,13,384,3662
1695,1695-03-20 03:17:42,1695-04-13 09:04:12,1695-04-14 06:35:02,12,354,3662
1696,1696-03-19 09:04:38,1696-04-01 21:11:46,1696-04-02 06:51:29,12,355,3633
1697,1697-03-19 14:55:49,1697-03-22 13:13:12,1697-03-23 06:07:29,13,384,3662
1698,1698-03-19 20:41:59,1698-04-10 13:44:46,1698-04-11 06:38:57,12,354,3662
1699,1699-03-20 02:38:15,1699-03-31 03:36:41,1699-03-31 05:55:45,12,355,3632
1700,1700-03-20 08:26:56,1700-03-20 10:52:32,1700-03-21 06:11:54,13,383,3661
1701,1701-03-20 14:10:59,1701-04-08 03:21:10,1701-04-08 06:44:26,12,354,3631
1702,1702-03-20 20:12:49,1702-03-27 23:16:03,1702-03-28 06:01:38,13,384,3661
1703,1703-03-21 02:04:46,1703-04-15 16:51:34,1703-04-16 06:33:46,12,354,3661
1704,1704-03-20 07:50:39,1704-04-03 22:20:51,1704-04-04 05:50:05,12,355,3632
1705,1705-03-20 13:42:18,1705-03-24 13:14:09,1705-03-25 06:06:01,13,384,3662
1706,1706-03-20 19:24:59,1706-04-12 18:13:55,1706-04-13 06:37:39,12,355,3662
1707,1707-03-21 01:18:41,1707-04-02 12:09:45,1707-04-03 06:52:47,12,354,3632
1708,1708-03-20 07:05:11,1708-03-22 02:47:58,1708-03-22 06:10:26,13,384,3662
1709,1709-03-20 12:41:26,1709-04-10 03:31:30,1709-04-10 06:41:37,12,354,3661
1710,1710-03-20 18:35:13,1710-03-30 04:02:42,1710-03-30 05:58:38,13,384,3662
1711,1711-03-21 00:19:14,1711-04-17 21:26:42,1711-04-18 06:31:09,12,354,3662
1712,1712-03-20 06:00:21,1712-04-05 21:25:08,1712-04-06 06:47:11,12,354,3632
1713,1713-03-20 11:55:24,1713-03-26 05:02:43,1713-03-26 06:04:33,13,384,3662
1714,1714-03-20 17:44:31,1714-04-14 05:01:42,1714-04-14 06:36:21,12,355,3662
1715,1715-03-20 23:43:19,1715-04-03 21:25:38,1715-04-04 05:51:23,12,355,3633
1716,1716-03-20 05:36:02,1716-03-23 14:14:08,1716-03-24 06:07:22,13,384,3662
1717,1717-03-20 11:15:34,1717-04-11 12:30:22,1717-04-12 06:38:52,12,354,3662
1718,1718-03-20 17:14:13,1718-03-31 18:21:28,1718-04-01 05:55:39,12,354,3632
1719,1719-03-20 23:04:25,1719-03-20 16:43:37,1719-03-21 06:13:23,13,384,3662
1720,1720-03-20 04:47:34,1720-04-07 07:31:11,1720-04-08 06:44:20,12,354,3632
1721,1721-03-20 10:41:55,1721-03-27 08:38:24,1721-03-28 06:01:32,13,384,3662
1722,1722-03-20 16:27:13,1722-04-15 07:20:37,1722-04-16 06:33:41,12,354,3662
1723,1723-03-20 22:18:01,1723-04-04 22:32:03,1723-04-05 06:49:59,12,355,3633
1724,1724-03-20 04:08:58,1724-03-24 16:09:18,1724-03-25 06:05:55,13,384,3662
1725,1725-03-20 09:48:17,1725-04-12 21:14:45,1725-04-13 06:37:33,12,355,3662
1726,1726-03-20 15:46:59,1726-04-02 10:33:04,1726-04-03 05:52:41,12,354,3632
1727,1727-03-20 21:38:27,1727-03-22 15:44:02,1727-03-23 06:10:19,13,384,3662
1728,1728-03-20 03:16:15,1728-04-09 11:48:02,1728-04-10 06:41:32,12,354,3662
1729,1729-03-20 09:07:45,1729-03-29 08:31:09,1729-03-30 05:58:31,13,383,3661
1730,1730-03-20 14:52:09,1730-04-17 04:21:50,1730-04-17 06:32:25,12,355,3662
1731,1731-03-20 20:41:13,1731-04-06 13:49:11,1731-04-07 06:47:05,12,354,3632
1732,1732-03-20 02:33:40,1732-03-26 05:01:16,1732-03-26 06:04:27,13,384,3662
1733,1733-03-20 08:11:27,1733-04-14 06:26:44,1733-04-14 06:36:15,12,355,3662
1734,1734-03-20 14:06:21,1734-04-03 22:17:22,1734-04-04 06:51:17,12,355,3633
1735,1735-03-20 19:59:07,1735-03-24 09:08:47,1735-03-25 06:07:16,13,383,3661
1736,1736-03-20 01:39:10,1736-04-11 02:44:07,1736-04-11 06:40:12,12,354,3661
1737,1737-03-20 07:39:34,1737-03-30 23:53:42,1737-03-31 05:57:05,13,384,3661
1738,1738-03-20 13:33:56,1738-04-18 14:47:16,1738-04-19 06:29:50,12,354,3661
1739,1739-03-20 19:27:47,1739-04-07 17:24:48,1739-04-08 06:45:43,12,354,3632
1740,1740-03-20 01:23:24,1740-03-27 04:08:58,1740-03-27 06:03:00,13,385,3662
1741,1741-03-20 07:01:43,1741-04-15 06:51:20,1741-04-16 06:33:35,12,354,3662
1742,1742-03-20 12:55:12,1742-04-05 01:28:21,1742-04-05 06:49:53,12,355,3633
1743,1743-03-20 18:47:14,1743-03-25 16:50:56,1743-03-26 06:05:48,13,384,3662
1744,1744-03-20 00:22:22,1744-04-12 19:08:55,1744-04-13 06:37:27,12,354,3661
1745,1745-03-20 06:13:10,1745-04-01 22:52:58,1745-04-02 05:54:07,12,354,3632
1746,1746-03-20 11:58:25,1746-03-21 20:18:53,1746-03-22 06:11:49,13,384,3662
1747,1747-03-20 17:41:48,1747-04-09 16:27:16,1747-04-10 06:42:53,12,354,3632
1748,1748-03-19 23:34:04,1748-03-28 20:57:09,1748-03-29 05:59:59,13,384,3662
1749,1749-03-20 05:15:27,1749-04-16 21:21:47,1749-04-17 06:32:19,12,355,3663
1750,1750-03-20 11:12:00,1750-04-06 14:05:33,1750-04-07 06:46:59,12,355,3633
1751,1751-03-20 17:08:50,1751-03-27 07:12:02,1751-03-28 06:02:46,13,384,3663
1752,1752-03-19 22:47:40,1752-04-14 07:09:14,1752-04-15 06:34:46,12,354,3662
1753,1753-03-20 04:40:56,1753-04-03 17:44:52,1753-04-04 06:51:11,12,354,3632
1754,1754-03-20 10:34:23,1754-03-23 18:05:50,1754-03-24 06:08:45,13,384,3662
1755,1755-03-20 16:22:23,1755-04-11 07:59:17,1755-04-12 06:40:06,12,354,3662
1756,1756-03-19 22:18:02,1756-03-30 06:00:12,1756-03-31 05:56:59,12,354,3632
1757,1757-03-20 04:00:37,1757-03-19 13:37:56,1757-03-20 06:14:46,13,384,3662
1758,1758-03-20 09:51:33,1758-04-07 13:22:58,1758-04-08 06:45:37,12,354,3632
1759,1759-03-20 15:46:40,1759-03-28 05:46:54,1759-03-28 06:02:53,13,385,3662
1760,1760-03-19 21:25:17,1760-04-15 09:46:49,1760-04-16 06:33:29,12,354,3661
1761,1761-03-20 03:19:29,1761-04-05 00:50:51,1761-04-05 06:49:47,12,355,3632
1762,1762-03-20 09:15:34,1762-03-25 09:14:54,1762-03-26 06:05:42,13,384,3662
1763,1763-03-20 15:00:28,1763-04-13 06:51:16,1763-04-14 06:37:22,12,353,3661
1764,1764-03-19 20:50:51,1764-04-01 04:19:40,1764-04-01 06:55:33,12,354,3631
1765,1765-03-20 02:30:44,1765-03-21 04:51:32,1765-03-21 06:13:18,13,384,3661
1766,1766-03-20 08:17:25,1766-04-09 05:29:55,1766-04-09 06:44:15,12,355,3662
1767,1767-03-20 14:11:42,1767-03-29 19:11:47,1767-03-30 05:59:52,13,384,3662
1768,1768-03-19 19:48:01,1768-04-16 21:55:55,1768-04-17 06:32:14,12,355,3663
1769,1769-03-20 01:37:19,1769-04-06 16:13:46,1769-04-07 06:46:54,12,354,3632
1770,1770-03-20 07:30:36,1770-03-27 05:21:46,1770-03-27 06:04:14,13,384,3662
1771,1771-03-20 13:15:41,1771-04-15 01:09:00,1771-04-15 06:36:04,12,354,3661
1772,1772-03-19 19:10:48,1772-04-03 01:13:19,1772-04-03 05:52:36,12,354,3631
1773,1773-03-20 01:01:35,1773-03-22 22:18:40,1773-03-23 06:10:14,13,384,3662
1774,1774-03-20 06:56:52,1774-04-10 14:29:06,1774-04-11 06:41:27,12,354,3662
1775,1775-03-20 12:56:08,1775-03-30 21:41:10,1775-03-31 05:58:26,12,355,3633
1776,1776-03-19 18:36:55,1776-03-19 13:00:01,1776-03-20 06:14:40,13,384,3662
1777,1777-03-20 00:26:07,1777-04-07 15:10:10,1777-04-08 06:45:31,12,355,3633
1778,1778-03-20 06:21:20,1778-03-28 07:25:00,1778-03-29 06:01:13,13,384,3662
1779,1779-03-20 12:05:47,1779-04-16 09:47:57,1779-04-17 06:33:24,12,354,3662
1780,1780-03-19 17:54:16,1780-04-04 17:39:49,1780-04-05 06:49:41,12,354,3632
1781,1781-03-19 23:37:30,1781-03-24 15:31:29,1781-03-25 06:07:11,13,384,3662
1782,1782-03-20 05:22:11,1782-04-12 11:12:04,1782-04-13 06:38:41,12,354,3662
1783,1783-03-20 11:12:53,1783-04-01 12:24:06,1783-04-02 05:55:27,12,354,3632
1784,1784-03-19 16:53:49,1784-03-21 00:03:25,1784-03-21 06:13:11,13,384,3662
1785,1785-03-19 22:43:06,1785-04-09 04:08:37,1785-04-09 06:44:09,12,355,3662
1786,1786-03-20 04:41:51,1786-03-29 21:53:16,1786-03-30 05:59:46,13,384,3662
1787,1787-03-20 10:28:29,1787-04-18 00:00:52,1787-04-18 06:32:08,12,355,3662
1788,1788-03-19 16:16:43,1788-04-06 14:01:22,1788-04-07 06:46:48,12,354,3632
1789,1789-03-19 22:05:02,1789-03-26 18:15:43,1789-03-27 06:04:08,13,384,3662
1790,1790-03-20 03:54:14,1790-04-14 09:09:23,1790-04-15 06:35:58,12,353,3661
1791,1791-03-20 09:49:01,1791-04-03 06:33:01,1791-04-03 06:54:02,12,355,3632
1792,1792-03-19 15:32:59,1792-03-22 09:28:20,1792-03-23 06:10:08,13,384,3662
1793,1793-03-19 21:20:05,1793-04-10 06:43:04,1793-04-11 06:41:21,12,354,3662
1794,1794-03-20 03:16:24,1794-03-30 21:20:29,1794-03-31 05:58:20,12,355,3633
1795,1795-03-20 09:04:00,1795-03-20 14:54:00,1795-03-21 06:14:33,13,384,3662
1796,1796-03-19 14:54:08,1796-04-07 16:37:31,1796-04-08 06:45:25,12,354,3632
1797,1797-03-19 20:47:57,1797-03-28 02:49:01,1797-03-28 06:02:41,13,384,3661
1798,1798-03-20 02:39:15,1798-04-16 01:00:36,1798-04-16 06:34:41,12,354,3661
1799,1799-03-20 08:31:15,1799-04-04 22:34:20,1799-04-05 05:51:06,12,354,3631
1800,1800-03-20 14:11:59,1800-03-24 21:22:14,1800-03-25 06:08:39,13,384,3662
1801,1801-03-20 19:55:36,1801-04-12 20:49:28,1801-04-13 06:40:01,12,355,3662
1802,1802-03-21 01:48:06,1802-04-02 08:06:22,1802-04-03 05:55:21,12,354,3632
1803,1803-03-21 07:33:48,1803-03-23 02:11:42,1803-03-23 06:13:05,13,385,3663
1804,1804-03-20 13:17:25,1804-04-10 06:53:15,1804-04-11 06:42:36,12,354,3662
1805,1805-03-20 19:04:22,1805-03-30 22:42:16,1805-03-31 05:59:40,12,355,3633
1806,1806-03-21 00:52:05,1806-03-20 08:13:53,1806-03-21 06:15:55,13,383,3662
1807,1807-03-21 06:41:56,1807-04-08 02:22:09,1807-04-08 06:48:11,12,354,3632
1808,1808-03-20 12:29:48,1808-03-26 22:54:23,1808-03-27 06:05:37,13,384,3662
1809,1809-03-20 18:21:53,1809-04-14 13:38:40,1809-04-15 06:37:17,12,354,3662
1810,1810-03-21 00:20:42,1810-04-03 18:16:09,1810-04-04 06:53:56,12,354,3632
1811,1811-03-21 06:12:54,1811-03-24 06:11:11,1811-03-24 06:11:37,13,384,3661
1812,1812-03-20 11:59:14,1812-04-11 06:40:07,1812-04-11 06:42:42,12,355,3662
1813,1813-03-20 17:49:49,1813-03-31 23:12:28,1813-04-01 05:58:14,12,355,3632
1814,1814-03-20 23:42:39,1814-03-21 13:06:53,1814-03-22 06:14:27,13,384,3662
1815,1815-03-21 05:30:50,1815-04-09 11:32:14,1815-04-10 06:45:19,12,354,3661
1816,1816-03-20 11:15:57,1816-03-28 11:53:40,1816-03-29 06:02:34,13,383,3661
1817,1817-03-20 17:00:14,1817-04-16 06:34:43,1817-04-16 06:35:59,12,354,3661
1818,1818-03-20 22:49:57,1818-04-05 05:46:57,1818-04-05 06:52:31,12,355,3632
1819,1819-03-21 04:38:44,1819-03-25 13:09:04,1819-03-26 06:08:33,13,384,3662
1820,1820-03-20 10:23:46,1820-04-12 17:00:39,1820-04-13 06:39:55,12,355,3663
1821,1821-03-20 16:15:23,1821-04-02 11:25:32,1821-04-03 06:55:15,12,354,3633
1822,1822-03-20 22:09:04,1822-03-23 04:59:27,1822-03-23 06:12:59,13,385,3663
1823,1823-03-21 03:54:44,1823-04-11 07:24:58,1823-04-12 06:42:30,12,354,3662
1824,1824-03-20 09:38:40,1824-03-30 15:42:15,1824-03-31 05:59:34,13,384,3662
1825,1825-03-20 15:25:17,1825-04-18 09:11:40,1825-04-19 06:31:58,12,354,3662
1826,1826-03-20 21:16:27,1826-04-07 06:51:07,1826-04-08 06:48:05,12,354,3633
1827,1827-03-21 03:08:15,1827-03-27 06:31:45,1827-03-28 06:05:30,13,383,3662
1828,1828-03-20 08:53:11,1828-04-14 01:57:15,1828-04-14 06:38:36,12,355,3662
1829,1829-03-20 14:42:25,1829-04-03 14:23:49,1829-04-04 05:53:50,12,355,3633
1830,1830-03-20 20:37:10,1830-03-24 07:37:39,1830-03-25 06:09:55,13,384,3662
1831,1831-03-21 02:26:23,1831-04-12 08:30:15,1831-04-13 06:41:09,12,354,3662
1832,1832-03-20 08:16:27,1832-03-31 21:04:05,1832-04-01 06:58:07,12,354,3631
1833,1833-03-20 14:11:47,1833-03-21 02:11:09,1833-03-21 06:15:56,13,384,3661
1834,1834-03-20 20:04:17,1834-04-08 20:06:38,1834-04-09 06:46:42,12,354,3631
1835,1835-03-21 01:55:38,1835-03-28 16:14:08,1835-03-29 06:04:03,13,384,3661
1836,1836-03-20 07:38:51,1836-04-15 13:10:50,1836-04-16 06:35:53,12,354,3661
1837,1837-03-20 13:23:32,1837-04-04 22:07:18,1837-04-05 06:52:25,12,355,3633
1838,1838-03-20 19:16:56,1838-03-25 13:43:13,1838-03-26 06:08:27,13,384,3662
1839,1839-03-21 00:59:35,1839-04-13 19:28:14,1839-04-14 06:39:49,12,355,3662
1840,1840-03-20 06:40:28,1840-04-02 13:03:39,1840-04-03 05:55:09,12,354,3632
1841,1841-03-20 12:28:03,1841-03-23 02:09:09,1841-03-23 06:12:52,13,384,3662
1842,1842-03-20 18:13:02,1842-04-10 23:51:09,1842-04-11 06:43:52,12,354,3662
1843,1843-03-21 00:04:22,1843-03-30 22:35:07,1843-03-31 06:01:01,13,384,3662
1844,1844-03-20 05:53:57,1844-04-17 13:33:03,1844-04-18 06:33:14,12,354,3662
1845,1845-03-20 11:44:12,1845-04-06 14:58:10,1845-04-07 06:49:30,12,354,3632
1846,1846-03-20 17:45:19,1846-03-27 00:07:58,1846-03-27 06:06:59,13,384,3662
1847,1847-03-20 23:32:13,1847-04-14 23:30:52,1847-04-15 06:38:30,12,355,3662
1848,1848-03-20 05:17:40,1848-04-03 16:56:18,1848-04-04 06:53:43,12,355,3633
1849,1849-03-20 11:12:26,1849-03-24 07:38:39,1849-03-25 06:09:48,13,383,3661
1850,1850-03-20 17:01:45,1850-04-12 06:00:28,1850-04-12 06:42:31,12,355,3662
1851,1851-03-20 22:53:55,1851-04-01 09:35:40,1851-04-02 05:58:01,12,354,3632
1852,1852-03-20 04:40:57,1852-03-20 06:52:35,1852-03-21 06:15:50,13,383,3661
1853,1853-03-20 10:24:00,1853-04-08 00:34:29,1853-04-08 06:48:06,12,354,3631
1854,1854-03-20 16:19:39,1854-03-28 04:06:38,1854-03-28 06:05:31,13,384,3661
1855,1855-03-20 22:05:15,1855-04-16 06:03:24,1855-04-16 06:37:12,12,355,3662
1856,1856-03-20 03:49:13,1856-04-04 21:58:23,1856-04-05 05:52:19,12,355,3633
1857,1857-03-20 09:45:07,1857-03-25 17:09:21,1857-03-26 06:08:20,13,384,3662
1858,1858-03-20 15:31:28,1858-04-13 21:53:47,1858-04-14 06:39:44,12,355,3662
1859,1859-03-20 21:18:29,1859-04-03 10:44:41,1859-04-04 06:55:02,12,354,3633
1860,1860-03-20 03:04:24,1860-03-22 12:59:28,1860-03-23 06:12:46,13,383,3661
1861,1861-03-20 08:46:34,1861-04-10 06:19:17,1861-04-10 06:45:14,12,354,3661
1862,1862-03-20 14:42:47,1862-03-30 03:44:42,1862-03-30 06:02:29,13,384,3662
1863,1863-03-20 20:29:58,1863-04-17 22:12:37,1863-04-18 06:34:31,12,355,3663
1864,1864-03-20 02:09:57,1864-04-06 09:06:04,1864-04-07 06:49:23,12,354,3633
1865,1865-03-20 08:06:04,1865-03-27 00:36:02,1865-03-27 06:06:52,13,384,3662
1866,1866-03-20 13:54:32,1866-04-15 01:10:07,1866-04-15 06:38:25,12,355,3662
1867,1867-03-20 19:46:42,1867-04-04 15:43:54,1867-04-05 05:53:37,12,354,3632
1868,1868-03-20 01:43:50,1868-03-24 00:17:57,1868-03-24 06:11:18,13,384,3661
1869,1869-03-20 07:32:12,1869-04-11 17:59:52,1869-04-12 06:42:25,12,354,3661
1870,1870-03-20 13:31:50,1870-03-31 14:06:34,1870-04-01 05:59:28,12,354,3632
1871,1871-03-20 19:20:02,1871-03-20 14:31:28,1871-03-21 06:17:19,13,384,3662
1872,1872-03-20 00:57:25,1872-04-07 13:00:25,1872-04-08 06:48:00,12,354,3632
1873,1873-03-20 06:52:38,1873-03-28 02:00:28,1873-03-28 06:05:25,13,385,3662
1874,1874-03-20 12:38:04,1874-04-16 07:08:50,1874-04-17 06:35:42,12,354,3662
1875,1875-03-20 18:21:28,1875-04-06 02:20:48,1875-04-06 06:52:12,12,355,3633
1876,1876-03-20 00:10:11,1876-03-25 17:04:42,1876-03-26 06:08:14,13,384,3662
1877,1877-03-20 05:48:20,1877-04-13 18:03:00,1877-04-14 06:39:38,12,354,3662
1878,1878-03-20 11:42:20,1878-04-02 20:01:11,1878-04-03 05:56:29,12,354,3632
1879,1879-03-20 17:32:07,1879-03-22 17:13:15,1879-03-23 06:14:15,13,384,3662
1880,1880-03-19 23:13:35,1880-04-09 11:48:10,1880-04-10 06:45:08,12,354,3662
1881,1881-03-20 05:13:53,1881-03-29 17:56:15,1881-03-30 06:02:23,13,384,3662
1882,1882-03-20 11:04:30,1882-04-17 16:53:40,1882-04-18 06:34:25,12,355,3663
1883,1883-03-20 16:50:07,1883-04-07 09:48:04,1883-04-08 06:49:17,12,354,3632
1884,1884-03-19 22:44:36,1884-03-27 01:54:04,1884-03-27 06:06:46,13,384,3662
1885,1885-03-20 04:29:47,1885-04-15 00:44:34,1885-04-15 06:38:19,12,355,3662
1886,1886-03-20 10:26:29,1886-04-04 08:53:29,1886-04-05 06:53:31,12,354,3632
1887,1887-03-20 16:18:38,1887-03-24 07:07:56,1887-03-25 06:11:11,13,383,3661
1888,1888-03-19 21:55:42,1888-04-10 22:22:31,1888-04-11 06:43:47,12,354,3661
1889,1889-03-20 03:50:59,1889-03-30 22:13:06,1889-03-31 06:00:56,12,355,3632
1890,1890-03-20 09:40:49,1890-03-20 08:23:38,1890-03-21 06:17:13,13,384,3662
1891,1891-03-20 15:25:29,1891-04-08 11:17:28,1891-04-09 06:47:54,12,354,3632
1892,1892-03-19 21:22:11,1892-03-28 04:54:23,1892-03-28 06:05:18,13,385,3662
1893,1893-03-20 03:08:13,1893-04-16 10:24:26,1893-04-17 06:35:37,12,354,3662
1894,1894-03-20 08:59:22,1894-04-06 01:52:14,1894-04-06 06:52:06,12,355,3633
1895,1895-03-20 14:49:19,1895-03-26 07:43:14,1895-03-27 06:08:08,13,383,3661
1896,1896-03-19 20:22:44,1896-04-13 03:44:31,1896-04-13 06:40:59,12,354,3661
1897,1897-03-20 02:16:19,1897-04-02 00:15:47,1897-04-02 05:57:56,12,354,3632
1898,1898-03-20 08:06:21,1898-03-22 03:22:57,1898-03-22 06:15:45,13,384,3662
1899,1899-03-20 13:45:56,1899-04-10 02:35:58,1899-04-10 06:46:31,12,355,3662
1900,1900-03-20 19:39:06,1900-03-30 16:54:26,1900-03-31 06:02:16,12,355,3633
1901,1901-03-21 01:23:51,1901-03-20 10:42:06,1901-03-21 06:18:35,13,384,3663
1902,1902-03-21 07:16:46,1902-04-08 11:00:17,1902-04-09 06:49:11,12,354,3632
1903,1903-03-21 13:15:22,1903-03-28 21:54:39,1903-03-29 06:06:40,13,384,3662
1904,1904-03-20 18:58:22,1904-04-15 16:24:32,1904-04-16 06:38:13,12,354,3661
1905,1905-03-21 00:57:53,1905-04-04 15:20:29,1905-04-05 06:54:57,12,354,3632
1906,1906-03-21 06:53:00,1906-03-24 12:09:04,1906-03-25 06:12:40,13,384,3662
1907,1907-03-21 12:33:11,1907-04-12 06:57:50,1907-04-13 06:43:41,12,354,3662
1908,1908-03-20 18:27:33,1908-03-31 16:35:05,1908-04-01 06:00:50,12,355,3633
1909,1909-03-21 00:13:54,1909-03-21 09:31:20,1909-03-22 06:17:07,13,384,3662
1910,1910-03-21 06:03:13,1910-04-09 14:14:43,1910-04-10 06:47:48,12,355,3662
1911,1911-03-21 11:54:50,1911-03-30 06:30:19,1911-03-31 06:03:37,13,384,3662
1912,1912-03-20 17:29:27,1912-04-17 09:28:39,1912-04-18 06:35:31,12,354,3662
1913,1913-03-20 23:18:48,1913-04-06 15:53:54,1913-04-07 06:52:00,12,354,3632
1914,1914-03-21 05:11:13,1914-03-26 12:56:54,1914-03-27 06:09:37,13,384,3662
1915,1915-03-21 10:51:53,1915-04-14 08:02:36,1915-04-15 06:40:53,12,354,3662
1916,1916-03-20 16:47:25,1916-04-02 11:59:57,1916-04-03 06:57:49,12,354,3632
1917,1917-03-20 22:37:54,1917-03-22 23:48:31,1917-03-23 06:15:38,13,384,3662
1918,1918-03-21 04:26:13,1918-04-11 01:55:28,1918-04-11 06:46:25,12,355,3662
1919,1919-03-21 10:19:48,1919-03-31 18:57:51,1919-04-01 06:02:10,12,355,3633
1920,1920-03-20 15:59:32,1920-03-20 09:55:32,1920-03-21 06:18:29,13,383,3661
1921,1921-03-20 21:52:08,1921-04-08 06:36:23,1921-04-08 06:50:36,12,355,3632
1922,1922-03-21 03:48:51,1922-03-28 08:09:15,1922-03-29 06:06:33,13,383,3661
1923,1923-03-21 09:29:19,1923-04-15 22:30:09,1923-04-16 06:39:33,12,354,3661
1924,1924-03-20 15:20:59,1924-04-03 19:37:57,1924-04-04 05:56:24,12,354,3631
1925,1925-03-20 21:12:34,1925-03-24 01:58:03,1925-03-24 06:14:10,13,384,3661
1926,1926-03-21 03:01:29,1926-04-12 01:49:06,1926-04-12 06:45:03,12,355,3662
1927,1927-03-21 08:59:54,1927-04-01 17:55:21,1927-04-02 06:00:43,12,355,3633
1928,1928-03-20 14:44:29,1928-03-21 11:53:29,1928-03-22 06:17:00,13,384,3662
1929,1929-03-20 20:35:57,1929-04-09 15:33:32,1929-04-10 06:47:42,12,354,3661
1930,1930-03-21 02:30:17,1930-03-30 00:35:16,1930-03-30 06:05:06,13,384,3662
1931,1931-03-21 08:06:47,1931-04-17 22:51:26,1931-04-18 06:36:49,12,354,3661
1932,1932-03-20 13:54:20,1932-04-05 20:52:14,1932-04-06 06:53:26,12,354,3632
1933,1933-03-20 19:43:53,1933-03-25 20:04:37,1933-03-26 06:11:06,13,384,3662
1934,1934-03-21 01:27:57,1934-04-13 19:23:03,1934-04-14 06:42:14,12,355,3663
1935,1935-03-21 07:18:21,1935-04-03 07:53:07,1935-04-04 05:57:43,12,354,3633
1936,1936-03-20 12:57:58,1936-03-23 01:53:32,1936-03-23 06:15:32,13,384,3662
1937,1937-03-20 18:45:48,1937-04-11 03:59:55,1937-04-11 06:46:19,12,355,3662
1938,1938-03-21 00:43:38,1938-03-31 17:53:11,1938-04-01 06:02:04,13,384,3662
1939,1939-03-21 06:29:05,1939-04-19 14:08:17,1939-04-20 06:34:09,12,354,3662
1940,1940-03-20 12:24:19,1940-04-07 16:20:49,1940-04-08 06:50:30,12,354,3632
1941,1941-03-20 18:21:17,1941-03-27 12:17:03,1941-03-28 06:08:02,13,383,3661
1942,1942-03-21 00:10:40,1942-04-15 04:06:12,1942-04-15 06:40:54,12,355,3662
1943,1943-03-21 06:03:12,1943-04-04 10:59:51,1943-04-05 06:56:17,12,354,3632
1944,1944-03-20 11:48:57,1944-03-24 00:38:56,1944-03-24 06:14:03,13,384,3661
1945,1945-03-20 17:38:10,1945-04-12 03:20:54,1945-04-12 06:44:57,12,355,3662
1946,1946-03-20 23:33:10,1946-04-01 20:10:22,1946-04-02 06:00:37,12,355,3633
1947,1947-03-21 05:13:30,1947-03-22 09:11:45,1947-03-23 06:16:54,13,384,3662
1948,1948-03-20 10:57:46,1948-04-09 09:04:05,1948-04-10 06:47:36,12,354,3632
1949,1949-03-20 16:48:56,1949-03-29 08:07:45,1949-03-30 06:04:59,13,383,3661
1950,1950-03-20 22:35:38,1950-04-17 03:36:17,1950-04-17 06:38:08,12,354,3661
1951,1951-03-21 04:26:42,1951-04-06 04:28:13,1951-04-06 06:54:52,12,355,3633
1952,1952-03-20 10:14:04,1952-03-25 13:39:22,1952-03-26 06:10:59,13,384,3662
1953,1953-03-20 16:01:26,1953-04-13 16:43:41,1953-04-14 06:42:08,12,355,3663
1954,1954-03-20 21:53:47,1954-04-03 10:05:56,1954-04-04 06:57:37,12,354,3633
1955,1955-03-21 03:36:00,1955-03-24 03:20:56,1955-03-24 06:15:25,13,384,3662
1956,1956-03-20 09:21:42,1956-04-11 02:36:26,1956-04-11 06:46:13,12,355,3662
1957,1957-03-20 15:17:21,1957-03-31 08:08:24,1957-04-01 06:01:58,13,383,3661
1958,1958-03-20 21:06:11,1958-04-18 23:22:56,1958-04-19 06:35:26,12,354,3661
1959,1959-03-21 02:55:40,1959-04-07 20:29:34,1959-04-08 06:51:55,12,354,3632
1960,1960-03-20 08:43:11,1960-03-26 22:06:15,1960-03-27 06:09:31,13,384,3662
1961,1961-03-20 14:33:07,1961-04-14 19:01:47,1961-04-15 06:40:48,12,355,3662
1962,1962-03-20 20:30:22,1962-04-04 10:00:43,1962-04-05 06:56:11,12,354,3632
1963,1963-03-21 02:20:32,1963-03-25 02:44:34,1963-03-25 06:13:57,13,384,3661
1964,1964-03-20 08:10:36,1964-04-12 05:27:24,1964-04-12 06:44:51,12,355,3662
1965,1965-03-20 14:05:40,1965-04-01 17:02:15,1965-04-02 06:00:31,12,354,3632
1966,1966-03-20 19:53:19,1966-03-21 20:25:24,1966-03-22 06:18:23,13,384,3661
1967,1967-03-21 01:37:50,1967-04-09 16:09:02,1967-04-10 06:49:00,12,354,3632
1968,1968-03-20 07:22:36,1968-03-28 13:07:21,1968-03-29 06:06:28,13,384,3662
1969,1969-03-20 13:08:49,1969-04-16 11:42:24,1969-04-17 06:38:03,12,354,3662
1970,1970-03-20 18:57:06,1970-04-05 22:35:29,1970-04-06 06:54:46,12,355,3633
1971,1971-03-21 00:39:03,1971-03-26 15:00:12,1971-03-27 06:10:53,13,384,3662
1972,1972-03-20 06:21:54,1972-04-13 19:03:19,1972-04-14 06:42:02,12,355,3663
1973,1973-03-20 12:13:29,1973-04-03 12:21:11,1973-04-04 06:57:31,12,354,3633
1974,1974-03-20 18:07:21,1974-03-23 22:05:52,1974-03-24 06:15:19,13,384,3662
1975,1975-03-20 23:57:47,1975-04-11 16:19:10,1975-04-12 06:46:07,12,354,3662
1976,1976-03-20 05:50:27,1976-03-30 13:22:57,1976-03-31 06:03:26,13,383,3661
1977,1977-03-20 11:43:30,1977-04-18 03:35:10,1977-04-18 06:36:45,12,354,3661
1978,1978-03-20 17:34:27,1978-04-07 06:51:09,1978-04-07 06:53:21,12,355,3632
1979,1979-03-20 23:22:53,1979-03-27 17:46:05,1979-03-28 06:09:25,13,384,3662
1980,1980-03-20 05:10:32,1980-04-14 18:22:48,1980-04-15 06:40:42,12,355,3662
1981,1981-03-20 11:03:47,1981-04-04 11:07:13,1981-04-05 06:56:05,12,354,3632
1982,1982-03-20 16:56:25,1982-03-25 02:01:25,1982-03-25 06:13:50,13,384,3661
1983,1983-03-20 22:39:41,1983-04-13 01:51:30,1983-04-13 06:44:45,12,354,3661
1984,1984-03-20 04:25:02,1984-04-01 04:42:31,1984-04-01 07:01:59,12,354,3631
1985,1985-03-20 10:15:13,1985-03-21 00:40:49,1985-03-21 06:19:53,13,384,3661
1986,1986-03-20 16:03:50,1986-04-08 21:24:41,1986-04-09 06:50:25,12,354,3632
1987,1987-03-20 21:53:12,1987-03-29 03:14:23,1987-03-29 06:07:57,13,384,3662
1988,1988-03-20 03:40:00,1988-04-16 06:21:23,1988-04-16 06:39:22,12,355,3662
1989,1989-03-20 09:29:30,1989-04-06 00:10:08,1989-04-06 06:54:40,12,355,3633
1990,1990-03-20 15:19:59,1990-03-26 17:56:15,1990-03-27 06:10:47,13,384,3662
1991,1991-03-20 21:03:09,1991-04-14 20:04:49,1991-04-15 06:41:56,12,354,3662
1992,1992-03-20 02:49:08,1992-04-03 05:36:26,1992-04-03 05:58:58,12,355,3633
1993,1993-03-20 08:42:08,1993-03-23 06:36:06,1993-03-24 06:15:12,13,383,3662
1994,1994-03-20 14:29:09,1994-04-10 21:18:32,1994-04-11 06:47:31,12,354,3662
1995,1995-03-20 20:15:45,1995-03-30 19:53:42,1995-03-31 06:04:54,13,384,3662
1996,1996-03-20 02:04:14,1996-04-17 14:31:08,1996-04-18 06:36:39,12,354,3662
1997,1997-03-20 07:56:09,1997-04-07 02:58:19,1997-04-07 06:53:14,12,355,3633
1998,1998-03-20 13:55:30,1998-03-27 18:59:04,1998-03-28 06:09:18,13,384,3662
1999,1999-03-20 19:46:59,1999-04-15 20:30:02,1999-04-16 06:40:36,12,355,3662
2000,2000-03-20 01:36:28,2000-04-04 11:05:26,2000-04-05 06:55:59,12,354,3632
2001,2001-03-20 07:32:04,2001-03-24 16:42:24,2001-03-25 06:13:44,13,384,3662
2002,2002-03-20 13:17:20,2002-04-12 11:58:40,2002-04-13 06:44:40,12,354,3661
2003,2003-03-20 19:01:30,2003-04-01 07:56:09,2003-04-02 06:01:52,12,354,3632
2004,2004-03-20 00:49:51,2004-03-20 10:29:51,2004-03-21 06:19:46,13,384,3662
2005,2005-03-20 06:34:48,2005-04-08 12:06:08,2005-04-09 06:50:19,12,354,3632
2006,2006-03-20 12:26:30,2006-03-29 02:50:17,2006-03-29 06:07:50,13,385,3663
2007,2007-03-20 19:08:28,2007-04-17 08:07:50,2007-04-18 06:37:51,12,354,3662
2008,2008-03-20 00:49:31,2008-04-06 02:59:24,2008-04-06 06:54:33,12,355,3633
2009,2009-03-20 06:45:05,2009-03-26 17:09:17,2009-03-27 07:10:40,13,384,3662
2010,2010-03-20 12:33:05,2010-04-14 13:48:27,2010-04-15 06:41:51,12,354,3662
2011,2011-03-20 18:21:54,2011-04-03 14:38:15,2011-04-04 06:58:52,12,354,3632
2012,2012-03-20 00:15:36,2012-03-22 11:59:05,2012-03-23 07:16:42,13,383,3661
2013,2013-03-20 06:03:00,2013-04-10 04:15:21,2013-04-10 06:48:55,12,355,3662
2014,2014-03-20 11:58:01,2014-03-30 13:07:24,2014-03-31 07:04:48,13,384,3662
2015,2015-03-20 17:46:20,2015-04-18 11:06:39,2015-04-19 06:36:33,12,354,3662
2016,2016-03-19 23:31:16,2016-04-07 04:20:25,2016-04-07 06:53:08,12,355,3632
2017,2017-03-20 05:30:01,2017-03-27 20:38:43,2017-03-28 07:09:12,13,384,3662
2018,2018-03-20 11:16:16,2018-04-15 19:09:12,2018-04-16 06:40:30,12,354,3661
2019,2019-03-20 16:59:38,2019-04-05 01:13:51,2019-04-05 06:57:25,12,354,3631
2020,2020-03-19 22:51:09,2020-03-23 23:05:43,2020-03-24 07:15:13,13,384,3661
2021,2021-03-20 04:38:41,2021-04-11 16:12:53,2021-04-12 06:46:02,12,354,3661
2022,2022-03-20 10:34:30,2022-03-31 19:17:25,2022-04-01 07:03:20,12,355,3633
2023,2023-03-20 16:25:53,2023-03-21 07:49:20,2023-03-22 07:19:40,13,384,3662
2024,2024-03-19 22:07:44,2024-04-08 12:01:33,2024-04-09 06:50:13,12,355,3633
2025,2025-03-20 04:02:45,2025-03-29 07:14:10,2025-03-30 07:06:09,13,384,3663
2026,2026-03-20 09:46:45,2026-04-17 10:47:48,2026-04-18 06:37:46,12,354,3662
2027,2027-03-20 15:26:03,2027-04-07 00:46:13,2027-04-07 06:54:27,12,354,3632
2028,2028-03-19 21:18:17,2028-03-26 05:30:26,2028-03-26 07:12:09,13,384,3662
2029,2029-03-20 03:02:51,2029-04-13 21:21:48,2029-04-14 06:43:12,12,354,3662
2030,2030-03-20 08:53:04,2030-04-02 19:11:30,2030-04-03 07:00:19,12,354,3632
2031,2031-03-20 14:42:17,2031-03-23 00:00:48,2031-03-23 07:18:11,13,384,3662
2032,2032-03-19 20:23:23,2032-04-09 21:02:37,2032-04-10 06:48:49,12,355,3662
